"country","age_group","target_end_date","year_week","week","year","weekly_rsv_hospitalisations","season"
"Austria","total",2026-09-06,"2026-W36",36,2026,12,"2026/2027"
"Austria","total",2026-09-13,"2026-W37",37,2026,8,"2026/2027"
"Austria","total",2026-09-20,"2026-W38",38,2026,22,"2026/2027"
"Austria","total",2026-09-27,"2026-W39",39,2026,20,"2026/2027"
"Austria","total",2026-10-04,"2026-W40",40,2026,28,"2026/2027"
"Austria","total",2026-10-11,"2026-W41",41,2026,69,"2026/2027"
"Austria","total",2026-10-18,"2026-W42",42,2026,89,"2026/2027"
"Austria","total",2026-10-25,"2026-W43",43,2026,134,"2026/2027"
"Austria","total",2026-11-01,"2026-W44",44,2026,175,"2026/2027"
"Austria","total",2026-11-08,"2026-W45",45,2026,283,"2026/2027"
"Austria","total",2026-11-15,"2026-W46",46,2026,353,"2026/2027"
"Austria","total",2026-11-22,"2026-W47",47,2026,428,"2026/2027"
"Austria","total",2026-11-29,"2026-W48",48,2026,477,"2026/2027"
"Austria","total",2026-12-06,"2026-W49",49,2026,493,"2026/2027"
"Austria","total",2026-12-13,"2026-W50",50,2026,477,"2026/2027"
"Austria","total",2026-12-20,"2026-W51",51,2026,426,"2026/2027"
"Austria","total",2026-12-27,"2026-W52",52,2026,427,"2026/2027"
"Austria","total",2027-01-03,"2026-W53",53,2026,385,"2026/2027"
"Austria","total",2027-01-10,"2027-W01",1,2027,366,"2026/2027"
"Austria","total",2027-01-17,"2027-W02",2,2027,299,"2026/2027"
"Austria","total",2027-01-24,"2027-W03",3,2027,227,"2026/2027"
"Austria","total",2027-01-31,"2027-W04",4,2027,192,"2026/2027"
"Austria","total",2027-02-07,"2027-W05",5,2027,174,"2026/2027"
"Austria","total",2027-02-14,"2027-W06",6,2027,159,"2026/2027"
"Austria","total",2027-02-21,"2027-W07",7,2027,157,"2026/2027"
"Austria","total",2027-02-28,"2027-W08",8,2027,131,"2026/2027"
"Austria","total",2027-03-07,"2027-W09",9,2027,105,"2026/2027"
"Austria","total",2027-03-14,"2027-W10",10,2027,76,"2026/2027"
"Austria","total",2027-03-21,"2027-W11",11,2027,83,"2026/2027"
"Austria","total",2027-03-28,"2027-W12",12,2027,66,"2026/2027"
"Austria","total",2027-04-04,"2027-W13",13,2027,61,"2026/2027"
"Austria","total",2027-04-11,"2027-W14",14,2027,48,"2026/2027"
"Austria","total",2027-04-18,"2027-W15",15,2027,44,"2026/2027"
"Austria","total",2027-04-25,"2027-W16",16,2027,33,"2026/2027"
"Austria","total",2027-05-02,"2027-W17",17,2027,27,"2026/2027"
"Austria","total",2027-05-09,"2027-W18",18,2027,22,"2026/2027"
"Austria","total",2027-05-16,"2027-W19",19,2027,27,"2026/2027"
"Austria","total",2027-05-23,"2027-W20",20,2027,24,"2026/2027"
"Austria","total",2027-05-30,"2027-W21",21,2027,15,"2026/2027"
"Austria","total",2027-06-06,"2027-W22",22,2027,19,"2026/2027"
"Austria","total",2027-06-13,"2027-W23",23,2027,14,"2026/2027"
"Austria","total",2027-06-20,"2027-W24",24,2027,20,"2026/2027"
"Austria","total",2027-06-27,"2027-W25",25,2027,16,"2026/2027"
"Austria","total",2027-07-04,"2027-W26",26,2027,15,"2026/2027"
"Austria","total",2027-07-11,"2027-W27",27,2027,12,"2026/2027"
"Austria","total",2027-07-18,"2027-W28",28,2027,9,"2026/2027"
"Austria","total",2027-07-25,"2027-W29",29,2027,12,"2026/2027"
"Austria","total",2027-08-01,"2027-W30",30,2027,8,"2026/2027"
"Austria","total",2027-08-08,"2027-W31",31,2027,10,"2026/2027"
"Austria","total",2027-08-15,"2027-W32",32,2027,13,"2026/2027"
"Austria","total",2027-08-22,"2027-W33",33,2027,6,"2026/2027"
"Austria","total",2027-08-29,"2027-W34",34,2027,8,"2026/2027"
"Austria","total",2027-09-05,"2027-W35",35,2027,12,"2027/2028"
"Austria","total",2027-09-12,"2027-W36",36,2027,8,"2027/2028"
"Austria","total",2027-09-19,"2027-W37",37,2027,22,"2027/2028"
"Austria","total",2027-09-26,"2027-W38",38,2027,20,"2027/2028"
"Austria","total",2027-10-03,"2027-W39",39,2027,28,"2027/2028"
"Austria","total",2027-10-10,"2027-W40",40,2027,69,"2027/2028"
"Austria","total",2027-10-17,"2027-W41",41,2027,89,"2027/2028"
"Austria","total",2027-10-24,"2027-W42",42,2027,134,"2027/2028"
"Austria","total",2027-10-31,"2027-W43",43,2027,175,"2027/2028"
"Austria","total",2027-11-07,"2027-W44",44,2027,283,"2027/2028"
"Austria","total",2027-11-14,"2027-W45",45,2027,353,"2027/2028"
"Austria","total",2027-11-21,"2027-W46",46,2027,428,"2027/2028"
"Austria","total",2027-11-28,"2027-W47",47,2027,477,"2027/2028"
"Austria","total",2027-12-05,"2027-W48",48,2027,493,"2027/2028"
"Austria","total",2027-12-12,"2027-W49",49,2027,477,"2027/2028"
"Austria","total",2027-12-19,"2027-W50",50,2027,426,"2027/2028"
"Austria","total",2027-12-26,"2027-W51",51,2027,427,"2027/2028"
"Austria","total",2028-01-02,"2027-W52",52,2027,385,"2027/2028"
"Austria","total",2028-01-09,"2028-W01",1,2028,366,"2027/2028"
"Austria","total",2028-01-16,"2028-W02",2,2028,299,"2027/2028"
"Austria","total",2028-01-23,"2028-W03",3,2028,227,"2027/2028"
"Austria","total",2028-01-30,"2028-W04",4,2028,192,"2027/2028"
"Austria","total",2028-02-06,"2028-W05",5,2028,174,"2027/2028"
"Austria","total",2028-02-13,"2028-W06",6,2028,159,"2027/2028"
"Austria","total",2028-02-20,"2028-W07",7,2028,157,"2027/2028"
"Austria","total",2028-02-27,"2028-W08",8,2028,131,"2027/2028"
"Austria","total",2028-03-05,"2028-W09",9,2028,105,"2027/2028"
"Austria","total",2028-03-12,"2028-W10",10,2028,76,"2027/2028"
"Austria","total",2028-03-19,"2028-W11",11,2028,83,"2027/2028"
"Austria","total",2028-03-26,"2028-W12",12,2028,66,"2027/2028"
"Austria","total",2028-04-02,"2028-W13",13,2028,61,"2027/2028"
"Austria","total",2028-04-09,"2028-W14",14,2028,48,"2027/2028"
"Austria","total",2028-04-16,"2028-W15",15,2028,44,"2027/2028"
"Austria","total",2028-04-23,"2028-W16",16,2028,33,"2027/2028"
"Austria","total",2028-04-30,"2028-W17",17,2028,27,"2027/2028"
"Austria","total",2028-05-07,"2028-W18",18,2028,22,"2027/2028"
"Austria","total",2028-05-14,"2028-W19",19,2028,27,"2027/2028"
"Austria","total",2028-05-21,"2028-W20",20,2028,24,"2027/2028"
"Austria","total",2028-05-28,"2028-W21",21,2028,15,"2027/2028"
"Austria","total",2028-06-04,"2028-W22",22,2028,19,"2027/2028"
"Austria","total",2028-06-11,"2028-W23",23,2028,14,"2027/2028"
"Austria","total",2028-06-18,"2028-W24",24,2028,20,"2027/2028"
"Austria","total",2028-06-25,"2028-W25",25,2028,16,"2027/2028"
"Austria","total",2028-07-02,"2028-W26",26,2028,15,"2027/2028"
"Austria","total",2028-07-09,"2028-W27",27,2028,12,"2027/2028"
"Austria","total",2028-07-16,"2028-W28",28,2028,9,"2027/2028"
"Austria","total",2028-07-23,"2028-W29",29,2028,12,"2027/2028"
"Austria","total",2028-07-30,"2028-W30",30,2028,8,"2027/2028"
"Austria","total",2028-08-06,"2028-W31",31,2028,10,"2027/2028"
"Austria","total",2028-08-13,"2028-W32",32,2028,13,"2027/2028"
"Austria","total",2028-08-20,"2028-W33",33,2028,6,"2027/2028"
"Austria","total",2028-08-27,"2028-W34",34,2028,8,"2027/2028"
"Belgium","total",2026-09-06,"2026-W36",36,2026,21,"2026/2027"
"Belgium","total",2026-09-13,"2026-W37",37,2026,21,"2026/2027"
"Belgium","total",2026-09-20,"2026-W38",38,2026,30,"2026/2027"
"Belgium","total",2026-09-27,"2026-W39",39,2026,37,"2026/2027"
"Belgium","total",2026-10-04,"2026-W40",40,2026,55,"2026/2027"
"Belgium","total",2026-10-11,"2026-W41",41,2026,79,"2026/2027"
"Belgium","total",2026-10-18,"2026-W42",42,2026,146,"2026/2027"
"Belgium","total",2026-10-25,"2026-W43",43,2026,206,"2026/2027"
"Belgium","total",2026-11-01,"2026-W44",44,2026,316,"2026/2027"
"Belgium","total",2026-11-08,"2026-W45",45,2026,393,"2026/2027"
"Belgium","total",2026-11-15,"2026-W46",46,2026,494,"2026/2027"
"Belgium","total",2026-11-22,"2026-W47",47,2026,582,"2026/2027"
"Belgium","total",2026-11-29,"2026-W48",48,2026,696,"2026/2027"
"Belgium","total",2026-12-06,"2026-W49",49,2026,731,"2026/2027"
"Belgium","total",2026-12-13,"2026-W50",50,2026,738,"2026/2027"
"Belgium","total",2026-12-20,"2026-W51",51,2026,674,"2026/2027"
"Belgium","total",2026-12-27,"2026-W52",52,2026,587,"2026/2027"
"Belgium","total",2027-01-03,"2026-W53",53,2026,592,"2026/2027"
"Belgium","total",2027-01-10,"2027-W01",1,2027,567,"2026/2027"
"Belgium","total",2027-01-17,"2027-W02",2,2027,395,"2026/2027"
"Belgium","total",2027-01-24,"2027-W03",3,2027,323,"2026/2027"
"Belgium","total",2027-01-31,"2027-W04",4,2027,287,"2026/2027"
"Belgium","total",2027-02-07,"2027-W05",5,2027,260,"2026/2027"
"Belgium","total",2027-02-14,"2027-W06",6,2027,211,"2026/2027"
"Belgium","total",2027-02-21,"2027-W07",7,2027,210,"2026/2027"
"Belgium","total",2027-02-28,"2027-W08",8,2027,185,"2026/2027"
"Belgium","total",2027-03-07,"2027-W09",9,2027,187,"2026/2027"
"Belgium","total",2027-03-14,"2027-W10",10,2027,139,"2026/2027"
"Belgium","total",2027-03-21,"2027-W11",11,2027,138,"2026/2027"
"Belgium","total",2027-03-28,"2027-W12",12,2027,107,"2026/2027"
"Belgium","total",2027-04-04,"2027-W13",13,2027,85,"2026/2027"
"Belgium","total",2027-04-11,"2027-W14",14,2027,66,"2026/2027"
"Belgium","total",2027-04-18,"2027-W15",15,2027,80,"2026/2027"
"Belgium","total",2027-04-25,"2027-W16",16,2027,53,"2026/2027"
"Belgium","total",2027-05-02,"2027-W17",17,2027,49,"2026/2027"
"Belgium","total",2027-05-09,"2027-W18",18,2027,46,"2026/2027"
"Belgium","total",2027-05-16,"2027-W19",19,2027,40,"2026/2027"
"Belgium","total",2027-05-23,"2027-W20",20,2027,44,"2026/2027"
"Belgium","total",2027-05-30,"2027-W21",21,2027,27,"2026/2027"
"Belgium","total",2027-06-06,"2027-W22",22,2027,25,"2026/2027"
"Belgium","total",2027-06-13,"2027-W23",23,2027,20,"2026/2027"
"Belgium","total",2027-06-20,"2027-W24",24,2027,20,"2026/2027"
"Belgium","total",2027-06-27,"2027-W25",25,2027,18,"2026/2027"
"Belgium","total",2027-07-04,"2027-W26",26,2027,11,"2026/2027"
"Belgium","total",2027-07-11,"2027-W27",27,2027,21,"2026/2027"
"Belgium","total",2027-07-18,"2027-W28",28,2027,16,"2026/2027"
"Belgium","total",2027-07-25,"2027-W29",29,2027,12,"2026/2027"
"Belgium","total",2027-08-01,"2027-W30",30,2027,14,"2026/2027"
"Belgium","total",2027-08-08,"2027-W31",31,2027,28,"2026/2027"
"Belgium","total",2027-08-15,"2027-W32",32,2027,18,"2026/2027"
"Belgium","total",2027-08-22,"2027-W33",33,2027,15,"2026/2027"
"Belgium","total",2027-08-29,"2027-W34",34,2027,16,"2026/2027"
"Belgium","total",2027-09-05,"2027-W35",35,2027,21,"2027/2028"
"Belgium","total",2027-09-12,"2027-W36",36,2027,21,"2027/2028"
"Belgium","total",2027-09-19,"2027-W37",37,2027,30,"2027/2028"
"Belgium","total",2027-09-26,"2027-W38",38,2027,37,"2027/2028"
"Belgium","total",2027-10-03,"2027-W39",39,2027,55,"2027/2028"
"Belgium","total",2027-10-10,"2027-W40",40,2027,79,"2027/2028"
"Belgium","total",2027-10-17,"2027-W41",41,2027,146,"2027/2028"
"Belgium","total",2027-10-24,"2027-W42",42,2027,206,"2027/2028"
"Belgium","total",2027-10-31,"2027-W43",43,2027,316,"2027/2028"
"Belgium","total",2027-11-07,"2027-W44",44,2027,393,"2027/2028"
"Belgium","total",2027-11-14,"2027-W45",45,2027,494,"2027/2028"
"Belgium","total",2027-11-21,"2027-W46",46,2027,582,"2027/2028"
"Belgium","total",2027-11-28,"2027-W47",47,2027,696,"2027/2028"
"Belgium","total",2027-12-05,"2027-W48",48,2027,731,"2027/2028"
"Belgium","total",2027-12-12,"2027-W49",49,2027,738,"2027/2028"
"Belgium","total",2027-12-19,"2027-W50",50,2027,674,"2027/2028"
"Belgium","total",2027-12-26,"2027-W51",51,2027,587,"2027/2028"
"Belgium","total",2028-01-02,"2027-W52",52,2027,592,"2027/2028"
"Belgium","total",2028-01-09,"2028-W01",1,2028,567,"2027/2028"
"Belgium","total",2028-01-16,"2028-W02",2,2028,395,"2027/2028"
"Belgium","total",2028-01-23,"2028-W03",3,2028,323,"2027/2028"
"Belgium","total",2028-01-30,"2028-W04",4,2028,287,"2027/2028"
"Belgium","total",2028-02-06,"2028-W05",5,2028,260,"2027/2028"
"Belgium","total",2028-02-13,"2028-W06",6,2028,211,"2027/2028"
"Belgium","total",2028-02-20,"2028-W07",7,2028,210,"2027/2028"
"Belgium","total",2028-02-27,"2028-W08",8,2028,185,"2027/2028"
"Belgium","total",2028-03-05,"2028-W09",9,2028,187,"2027/2028"
"Belgium","total",2028-03-12,"2028-W10",10,2028,139,"2027/2028"
"Belgium","total",2028-03-19,"2028-W11",11,2028,138,"2027/2028"
"Belgium","total",2028-03-26,"2028-W12",12,2028,107,"2027/2028"
"Belgium","total",2028-04-02,"2028-W13",13,2028,85,"2027/2028"
"Belgium","total",2028-04-09,"2028-W14",14,2028,66,"2027/2028"
"Belgium","total",2028-04-16,"2028-W15",15,2028,80,"2027/2028"
"Belgium","total",2028-04-23,"2028-W16",16,2028,53,"2027/2028"
"Belgium","total",2028-04-30,"2028-W17",17,2028,49,"2027/2028"
"Belgium","total",2028-05-07,"2028-W18",18,2028,46,"2027/2028"
"Belgium","total",2028-05-14,"2028-W19",19,2028,40,"2027/2028"
"Belgium","total",2028-05-21,"2028-W20",20,2028,44,"2027/2028"
"Belgium","total",2028-05-28,"2028-W21",21,2028,27,"2027/2028"
"Belgium","total",2028-06-04,"2028-W22",22,2028,25,"2027/2028"
"Belgium","total",2028-06-11,"2028-W23",23,2028,20,"2027/2028"
"Belgium","total",2028-06-18,"2028-W24",24,2028,20,"2027/2028"
"Belgium","total",2028-06-25,"2028-W25",25,2028,18,"2027/2028"
"Belgium","total",2028-07-02,"2028-W26",26,2028,11,"2027/2028"
"Belgium","total",2028-07-09,"2028-W27",27,2028,21,"2027/2028"
"Belgium","total",2028-07-16,"2028-W28",28,2028,16,"2027/2028"
"Belgium","total",2028-07-23,"2028-W29",29,2028,12,"2027/2028"
"Belgium","total",2028-07-30,"2028-W30",30,2028,14,"2027/2028"
"Belgium","total",2028-08-06,"2028-W31",31,2028,28,"2027/2028"
"Belgium","total",2028-08-13,"2028-W32",32,2028,18,"2027/2028"
"Belgium","total",2028-08-20,"2028-W33",33,2028,15,"2027/2028"
"Belgium","total",2028-08-27,"2028-W34",34,2028,16,"2027/2028"
"Bulgaria","total",2026-09-06,"2026-W36",36,2026,3,"2026/2027"
"Bulgaria","total",2026-09-13,"2026-W37",37,2026,7,"2026/2027"
"Bulgaria","total",2026-09-20,"2026-W38",38,2026,14,"2026/2027"
"Bulgaria","total",2026-09-27,"2026-W39",39,2026,25,"2026/2027"
"Bulgaria","total",2026-10-04,"2026-W40",40,2026,30,"2026/2027"
"Bulgaria","total",2026-10-11,"2026-W41",41,2026,67,"2026/2027"
"Bulgaria","total",2026-10-18,"2026-W42",42,2026,63,"2026/2027"
"Bulgaria","total",2026-10-25,"2026-W43",43,2026,96,"2026/2027"
"Bulgaria","total",2026-11-01,"2026-W44",44,2026,137,"2026/2027"
"Bulgaria","total",2026-11-08,"2026-W45",45,2026,216,"2026/2027"
"Bulgaria","total",2026-11-15,"2026-W46",46,2026,279,"2026/2027"
"Bulgaria","total",2026-11-22,"2026-W47",47,2026,357,"2026/2027"
"Bulgaria","total",2026-11-29,"2026-W48",48,2026,385,"2026/2027"
"Bulgaria","total",2026-12-06,"2026-W49",49,2026,410,"2026/2027"
"Bulgaria","total",2026-12-13,"2026-W50",50,2026,411,"2026/2027"
"Bulgaria","total",2026-12-20,"2026-W51",51,2026,355,"2026/2027"
"Bulgaria","total",2026-12-27,"2026-W52",52,2026,350,"2026/2027"
"Bulgaria","total",2027-01-03,"2026-W53",53,2026,310,"2026/2027"
"Bulgaria","total",2027-01-10,"2027-W01",1,2027,298,"2026/2027"
"Bulgaria","total",2027-01-17,"2027-W02",2,2027,257,"2026/2027"
"Bulgaria","total",2027-01-24,"2027-W03",3,2027,192,"2026/2027"
"Bulgaria","total",2027-01-31,"2027-W04",4,2027,185,"2026/2027"
"Bulgaria","total",2027-02-07,"2027-W05",5,2027,140,"2026/2027"
"Bulgaria","total",2027-02-14,"2027-W06",6,2027,114,"2026/2027"
"Bulgaria","total",2027-02-21,"2027-W07",7,2027,124,"2026/2027"
"Bulgaria","total",2027-02-28,"2027-W08",8,2027,107,"2026/2027"
"Bulgaria","total",2027-03-07,"2027-W09",9,2027,87,"2026/2027"
"Bulgaria","total",2027-03-14,"2027-W10",10,2027,52,"2026/2027"
"Bulgaria","total",2027-03-21,"2027-W11",11,2027,63,"2026/2027"
"Bulgaria","total",2027-03-28,"2027-W12",12,2027,60,"2026/2027"
"Bulgaria","total",2027-04-04,"2027-W13",13,2027,56,"2026/2027"
"Bulgaria","total",2027-04-11,"2027-W14",14,2027,55,"2026/2027"
"Bulgaria","total",2027-04-18,"2027-W15",15,2027,43,"2026/2027"
"Bulgaria","total",2027-04-25,"2027-W16",16,2027,32,"2026/2027"
"Bulgaria","total",2027-05-02,"2027-W17",17,2027,31,"2026/2027"
"Bulgaria","total",2027-05-09,"2027-W18",18,2027,38,"2026/2027"
"Bulgaria","total",2027-05-16,"2027-W19",19,2027,24,"2026/2027"
"Bulgaria","total",2027-05-23,"2027-W20",20,2027,14,"2026/2027"
"Bulgaria","total",2027-05-30,"2027-W21",21,2027,9,"2026/2027"
"Bulgaria","total",2027-06-06,"2027-W22",22,2027,16,"2026/2027"
"Bulgaria","total",2027-06-13,"2027-W23",23,2027,13,"2026/2027"
"Bulgaria","total",2027-06-20,"2027-W24",24,2027,14,"2026/2027"
"Bulgaria","total",2027-06-27,"2027-W25",25,2027,7,"2026/2027"
"Bulgaria","total",2027-07-04,"2027-W26",26,2027,9,"2026/2027"
"Bulgaria","total",2027-07-11,"2027-W27",27,2027,13,"2026/2027"
"Bulgaria","total",2027-07-18,"2027-W28",28,2027,6,"2026/2027"
"Bulgaria","total",2027-07-25,"2027-W29",29,2027,12,"2026/2027"
"Bulgaria","total",2027-08-01,"2027-W30",30,2027,7,"2026/2027"
"Bulgaria","total",2027-08-08,"2027-W31",31,2027,4,"2026/2027"
"Bulgaria","total",2027-08-15,"2027-W32",32,2027,12,"2026/2027"
"Bulgaria","total",2027-08-22,"2027-W33",33,2027,7,"2026/2027"
"Bulgaria","total",2027-08-29,"2027-W34",34,2027,5,"2026/2027"
"Bulgaria","total",2027-09-05,"2027-W35",35,2027,3,"2027/2028"
"Bulgaria","total",2027-09-12,"2027-W36",36,2027,7,"2027/2028"
"Bulgaria","total",2027-09-19,"2027-W37",37,2027,14,"2027/2028"
"Bulgaria","total",2027-09-26,"2027-W38",38,2027,25,"2027/2028"
"Bulgaria","total",2027-10-03,"2027-W39",39,2027,30,"2027/2028"
"Bulgaria","total",2027-10-10,"2027-W40",40,2027,67,"2027/2028"
"Bulgaria","total",2027-10-17,"2027-W41",41,2027,63,"2027/2028"
"Bulgaria","total",2027-10-24,"2027-W42",42,2027,96,"2027/2028"
"Bulgaria","total",2027-10-31,"2027-W43",43,2027,137,"2027/2028"
"Bulgaria","total",2027-11-07,"2027-W44",44,2027,216,"2027/2028"
"Bulgaria","total",2027-11-14,"2027-W45",45,2027,279,"2027/2028"
"Bulgaria","total",2027-11-21,"2027-W46",46,2027,357,"2027/2028"
"Bulgaria","total",2027-11-28,"2027-W47",47,2027,385,"2027/2028"
"Bulgaria","total",2027-12-05,"2027-W48",48,2027,410,"2027/2028"
"Bulgaria","total",2027-12-12,"2027-W49",49,2027,411,"2027/2028"
"Bulgaria","total",2027-12-19,"2027-W50",50,2027,355,"2027/2028"
"Bulgaria","total",2027-12-26,"2027-W51",51,2027,350,"2027/2028"
"Bulgaria","total",2028-01-02,"2027-W52",52,2027,310,"2027/2028"
"Bulgaria","total",2028-01-09,"2028-W01",1,2028,298,"2027/2028"
"Bulgaria","total",2028-01-16,"2028-W02",2,2028,257,"2027/2028"
"Bulgaria","total",2028-01-23,"2028-W03",3,2028,192,"2027/2028"
"Bulgaria","total",2028-01-30,"2028-W04",4,2028,185,"2027/2028"
"Bulgaria","total",2028-02-06,"2028-W05",5,2028,140,"2027/2028"
"Bulgaria","total",2028-02-13,"2028-W06",6,2028,114,"2027/2028"
"Bulgaria","total",2028-02-20,"2028-W07",7,2028,124,"2027/2028"
"Bulgaria","total",2028-02-27,"2028-W08",8,2028,107,"2027/2028"
"Bulgaria","total",2028-03-05,"2028-W09",9,2028,87,"2027/2028"
"Bulgaria","total",2028-03-12,"2028-W10",10,2028,52,"2027/2028"
"Bulgaria","total",2028-03-19,"2028-W11",11,2028,63,"2027/2028"
"Bulgaria","total",2028-03-26,"2028-W12",12,2028,60,"2027/2028"
"Bulgaria","total",2028-04-02,"2028-W13",13,2028,56,"2027/2028"
"Bulgaria","total",2028-04-09,"2028-W14",14,2028,55,"2027/2028"
"Bulgaria","total",2028-04-16,"2028-W15",15,2028,43,"2027/2028"
"Bulgaria","total",2028-04-23,"2028-W16",16,2028,32,"2027/2028"
"Bulgaria","total",2028-04-30,"2028-W17",17,2028,31,"2027/2028"
"Bulgaria","total",2028-05-07,"2028-W18",18,2028,38,"2027/2028"
"Bulgaria","total",2028-05-14,"2028-W19",19,2028,24,"2027/2028"
"Bulgaria","total",2028-05-21,"2028-W20",20,2028,14,"2027/2028"
"Bulgaria","total",2028-05-28,"2028-W21",21,2028,9,"2027/2028"
"Bulgaria","total",2028-06-04,"2028-W22",22,2028,16,"2027/2028"
"Bulgaria","total",2028-06-11,"2028-W23",23,2028,13,"2027/2028"
"Bulgaria","total",2028-06-18,"2028-W24",24,2028,14,"2027/2028"
"Bulgaria","total",2028-06-25,"2028-W25",25,2028,7,"2027/2028"
"Bulgaria","total",2028-07-02,"2028-W26",26,2028,9,"2027/2028"
"Bulgaria","total",2028-07-09,"2028-W27",27,2028,13,"2027/2028"
"Bulgaria","total",2028-07-16,"2028-W28",28,2028,6,"2027/2028"
"Bulgaria","total",2028-07-23,"2028-W29",29,2028,12,"2027/2028"
"Bulgaria","total",2028-07-30,"2028-W30",30,2028,7,"2027/2028"
"Bulgaria","total",2028-08-06,"2028-W31",31,2028,4,"2027/2028"
"Bulgaria","total",2028-08-13,"2028-W32",32,2028,12,"2027/2028"
"Bulgaria","total",2028-08-20,"2028-W33",33,2028,7,"2027/2028"
"Bulgaria","total",2028-08-27,"2028-W34",34,2028,5,"2027/2028"
"Croatia","total",2026-09-06,"2026-W36",36,2026,6,"2026/2027"
"Croatia","total",2026-09-13,"2026-W37",37,2026,4,"2026/2027"
"Croatia","total",2026-09-20,"2026-W38",38,2026,9,"2026/2027"
"Croatia","total",2026-09-27,"2026-W39",39,2026,9,"2026/2027"
"Croatia","total",2026-10-04,"2026-W40",40,2026,11,"2026/2027"
"Croatia","total",2026-10-11,"2026-W41",41,2026,22,"2026/2027"
"Croatia","total",2026-10-18,"2026-W42",42,2026,32,"2026/2027"
"Croatia","total",2026-10-25,"2026-W43",43,2026,80,"2026/2027"
"Croatia","total",2026-11-01,"2026-W44",44,2026,92,"2026/2027"
"Croatia","total",2026-11-08,"2026-W45",45,2026,114,"2026/2027"
"Croatia","total",2026-11-15,"2026-W46",46,2026,151,"2026/2027"
"Croatia","total",2026-11-22,"2026-W47",47,2026,183,"2026/2027"
"Croatia","total",2026-11-29,"2026-W48",48,2026,192,"2026/2027"
"Croatia","total",2026-12-06,"2026-W49",49,2026,228,"2026/2027"
"Croatia","total",2026-12-13,"2026-W50",50,2026,237,"2026/2027"
"Croatia","total",2026-12-20,"2026-W51",51,2026,199,"2026/2027"
"Croatia","total",2026-12-27,"2026-W52",52,2026,197,"2026/2027"
"Croatia","total",2027-01-03,"2026-W53",53,2026,172,"2026/2027"
"Croatia","total",2027-01-10,"2027-W01",1,2027,186,"2026/2027"
"Croatia","total",2027-01-17,"2027-W02",2,2027,126,"2026/2027"
"Croatia","total",2027-01-24,"2027-W03",3,2027,94,"2026/2027"
"Croatia","total",2027-01-31,"2027-W04",4,2027,102,"2026/2027"
"Croatia","total",2027-02-07,"2027-W05",5,2027,72,"2026/2027"
"Croatia","total",2027-02-14,"2027-W06",6,2027,65,"2026/2027"
"Croatia","total",2027-02-21,"2027-W07",7,2027,61,"2026/2027"
"Croatia","total",2027-02-28,"2027-W08",8,2027,53,"2026/2027"
"Croatia","total",2027-03-07,"2027-W09",9,2027,50,"2026/2027"
"Croatia","total",2027-03-14,"2027-W10",10,2027,32,"2026/2027"
"Croatia","total",2027-03-21,"2027-W11",11,2027,42,"2026/2027"
"Croatia","total",2027-03-28,"2027-W12",12,2027,30,"2026/2027"
"Croatia","total",2027-04-04,"2027-W13",13,2027,32,"2026/2027"
"Croatia","total",2027-04-11,"2027-W14",14,2027,25,"2026/2027"
"Croatia","total",2027-04-18,"2027-W15",15,2027,23,"2026/2027"
"Croatia","total",2027-04-25,"2027-W16",16,2027,10,"2026/2027"
"Croatia","total",2027-05-02,"2027-W17",17,2027,18,"2026/2027"
"Croatia","total",2027-05-09,"2027-W18",18,2027,10,"2026/2027"
"Croatia","total",2027-05-16,"2027-W19",19,2027,14,"2026/2027"
"Croatia","total",2027-05-23,"2027-W20",20,2027,12,"2026/2027"
"Croatia","total",2027-05-30,"2027-W21",21,2027,7,"2026/2027"
"Croatia","total",2027-06-06,"2027-W22",22,2027,2,"2026/2027"
"Croatia","total",2027-06-13,"2027-W23",23,2027,7,"2026/2027"
"Croatia","total",2027-06-20,"2027-W24",24,2027,3,"2026/2027"
"Croatia","total",2027-06-27,"2027-W25",25,2027,7,"2026/2027"
"Croatia","total",2027-07-04,"2027-W26",26,2027,6,"2026/2027"
"Croatia","total",2027-07-11,"2027-W27",27,2027,8,"2026/2027"
"Croatia","total",2027-07-18,"2027-W28",28,2027,7,"2026/2027"
"Croatia","total",2027-07-25,"2027-W29",29,2027,3,"2026/2027"
"Croatia","total",2027-08-01,"2027-W30",30,2027,4,"2026/2027"
"Croatia","total",2027-08-08,"2027-W31",31,2027,6,"2026/2027"
"Croatia","total",2027-08-15,"2027-W32",32,2027,4,"2026/2027"
"Croatia","total",2027-08-22,"2027-W33",33,2027,4,"2026/2027"
"Croatia","total",2027-08-29,"2027-W34",34,2027,7,"2026/2027"
"Croatia","total",2027-09-05,"2027-W35",35,2027,6,"2027/2028"
"Croatia","total",2027-09-12,"2027-W36",36,2027,4,"2027/2028"
"Croatia","total",2027-09-19,"2027-W37",37,2027,9,"2027/2028"
"Croatia","total",2027-09-26,"2027-W38",38,2027,9,"2027/2028"
"Croatia","total",2027-10-03,"2027-W39",39,2027,11,"2027/2028"
"Croatia","total",2027-10-10,"2027-W40",40,2027,22,"2027/2028"
"Croatia","total",2027-10-17,"2027-W41",41,2027,32,"2027/2028"
"Croatia","total",2027-10-24,"2027-W42",42,2027,80,"2027/2028"
"Croatia","total",2027-10-31,"2027-W43",43,2027,92,"2027/2028"
"Croatia","total",2027-11-07,"2027-W44",44,2027,114,"2027/2028"
"Croatia","total",2027-11-14,"2027-W45",45,2027,151,"2027/2028"
"Croatia","total",2027-11-21,"2027-W46",46,2027,183,"2027/2028"
"Croatia","total",2027-11-28,"2027-W47",47,2027,192,"2027/2028"
"Croatia","total",2027-12-05,"2027-W48",48,2027,228,"2027/2028"
"Croatia","total",2027-12-12,"2027-W49",49,2027,237,"2027/2028"
"Croatia","total",2027-12-19,"2027-W50",50,2027,199,"2027/2028"
"Croatia","total",2027-12-26,"2027-W51",51,2027,197,"2027/2028"
"Croatia","total",2028-01-02,"2027-W52",52,2027,172,"2027/2028"
"Croatia","total",2028-01-09,"2028-W01",1,2028,186,"2027/2028"
"Croatia","total",2028-01-16,"2028-W02",2,2028,126,"2027/2028"
"Croatia","total",2028-01-23,"2028-W03",3,2028,94,"2027/2028"
"Croatia","total",2028-01-30,"2028-W04",4,2028,102,"2027/2028"
"Croatia","total",2028-02-06,"2028-W05",5,2028,72,"2027/2028"
"Croatia","total",2028-02-13,"2028-W06",6,2028,65,"2027/2028"
"Croatia","total",2028-02-20,"2028-W07",7,2028,61,"2027/2028"
"Croatia","total",2028-02-27,"2028-W08",8,2028,53,"2027/2028"
"Croatia","total",2028-03-05,"2028-W09",9,2028,50,"2027/2028"
"Croatia","total",2028-03-12,"2028-W10",10,2028,32,"2027/2028"
"Croatia","total",2028-03-19,"2028-W11",11,2028,42,"2027/2028"
"Croatia","total",2028-03-26,"2028-W12",12,2028,30,"2027/2028"
"Croatia","total",2028-04-02,"2028-W13",13,2028,32,"2027/2028"
"Croatia","total",2028-04-09,"2028-W14",14,2028,25,"2027/2028"
"Croatia","total",2028-04-16,"2028-W15",15,2028,23,"2027/2028"
"Croatia","total",2028-04-23,"2028-W16",16,2028,10,"2027/2028"
"Croatia","total",2028-04-30,"2028-W17",17,2028,18,"2027/2028"
"Croatia","total",2028-05-07,"2028-W18",18,2028,10,"2027/2028"
"Croatia","total",2028-05-14,"2028-W19",19,2028,14,"2027/2028"
"Croatia","total",2028-05-21,"2028-W20",20,2028,12,"2027/2028"
"Croatia","total",2028-05-28,"2028-W21",21,2028,7,"2027/2028"
"Croatia","total",2028-06-04,"2028-W22",22,2028,2,"2027/2028"
"Croatia","total",2028-06-11,"2028-W23",23,2028,7,"2027/2028"
"Croatia","total",2028-06-18,"2028-W24",24,2028,3,"2027/2028"
"Croatia","total",2028-06-25,"2028-W25",25,2028,7,"2027/2028"
"Croatia","total",2028-07-02,"2028-W26",26,2028,6,"2027/2028"
"Croatia","total",2028-07-09,"2028-W27",27,2028,8,"2027/2028"
"Croatia","total",2028-07-16,"2028-W28",28,2028,7,"2027/2028"
"Croatia","total",2028-07-23,"2028-W29",29,2028,3,"2027/2028"
"Croatia","total",2028-07-30,"2028-W30",30,2028,4,"2027/2028"
"Croatia","total",2028-08-06,"2028-W31",31,2028,6,"2027/2028"
"Croatia","total",2028-08-13,"2028-W32",32,2028,4,"2027/2028"
"Croatia","total",2028-08-20,"2028-W33",33,2028,4,"2027/2028"
"Croatia","total",2028-08-27,"2028-W34",34,2028,7,"2027/2028"
"Cyprus","total",2026-09-06,"2026-W36",36,2026,3,"2026/2027"
"Cyprus","total",2026-09-13,"2026-W37",37,2026,1,"2026/2027"
"Cyprus","total",2026-09-20,"2026-W38",38,2026,1,"2026/2027"
"Cyprus","total",2026-09-27,"2026-W39",39,2026,2,"2026/2027"
"Cyprus","total",2026-10-04,"2026-W40",40,2026,5,"2026/2027"
"Cyprus","total",2026-10-11,"2026-W41",41,2026,9,"2026/2027"
"Cyprus","total",2026-10-18,"2026-W42",42,2026,9,"2026/2027"
"Cyprus","total",2026-10-25,"2026-W43",43,2026,18,"2026/2027"
"Cyprus","total",2026-11-01,"2026-W44",44,2026,25,"2026/2027"
"Cyprus","total",2026-11-08,"2026-W45",45,2026,23,"2026/2027"
"Cyprus","total",2026-11-15,"2026-W46",46,2026,46,"2026/2027"
"Cyprus","total",2026-11-22,"2026-W47",47,2026,48,"2026/2027"
"Cyprus","total",2026-11-29,"2026-W48",48,2026,58,"2026/2027"
"Cyprus","total",2026-12-06,"2026-W49",49,2026,51,"2026/2027"
"Cyprus","total",2026-12-13,"2026-W50",50,2026,69,"2026/2027"
"Cyprus","total",2026-12-20,"2026-W51",51,2026,61,"2026/2027"
"Cyprus","total",2026-12-27,"2026-W52",52,2026,55,"2026/2027"
"Cyprus","total",2027-01-03,"2026-W53",53,2026,60,"2026/2027"
"Cyprus","total",2027-01-10,"2027-W01",1,2027,44,"2026/2027"
"Cyprus","total",2027-01-17,"2027-W02",2,2027,41,"2026/2027"
"Cyprus","total",2027-01-24,"2027-W03",3,2027,26,"2026/2027"
"Cyprus","total",2027-01-31,"2027-W04",4,2027,23,"2026/2027"
"Cyprus","total",2027-02-07,"2027-W05",5,2027,27,"2026/2027"
"Cyprus","total",2027-02-14,"2027-W06",6,2027,19,"2026/2027"
"Cyprus","total",2027-02-21,"2027-W07",7,2027,10,"2026/2027"
"Cyprus","total",2027-02-28,"2027-W08",8,2027,22,"2026/2027"
"Cyprus","total",2027-03-07,"2027-W09",9,2027,15,"2026/2027"
"Cyprus","total",2027-03-14,"2027-W10",10,2027,17,"2026/2027"
"Cyprus","total",2027-03-21,"2027-W11",11,2027,13,"2026/2027"
"Cyprus","total",2027-03-28,"2027-W12",12,2027,12,"2026/2027"
"Cyprus","total",2027-04-04,"2027-W13",13,2027,2,"2026/2027"
"Cyprus","total",2027-04-11,"2027-W14",14,2027,7,"2026/2027"
"Cyprus","total",2027-04-18,"2027-W15",15,2027,8,"2026/2027"
"Cyprus","total",2027-04-25,"2027-W16",16,2027,1,"2026/2027"
"Cyprus","total",2027-05-02,"2027-W17",17,2027,2,"2026/2027"
"Cyprus","total",2027-05-09,"2027-W18",18,2027,3,"2026/2027"
"Cyprus","total",2027-05-16,"2027-W19",19,2027,2,"2026/2027"
"Cyprus","total",2027-05-23,"2027-W20",20,2027,2,"2026/2027"
"Cyprus","total",2027-05-30,"2027-W21",21,2027,1,"2026/2027"
"Cyprus","total",2027-06-06,"2027-W22",22,2027,2,"2026/2027"
"Cyprus","total",2027-06-13,"2027-W23",23,2027,2,"2026/2027"
"Cyprus","total",2027-06-20,"2027-W24",24,2027,4,"2026/2027"
"Cyprus","total",2027-06-27,"2027-W25",25,2027,0,"2026/2027"
"Cyprus","total",2027-07-04,"2027-W26",26,2027,4,"2026/2027"
"Cyprus","total",2027-07-11,"2027-W27",27,2027,0,"2026/2027"
"Cyprus","total",2027-07-18,"2027-W28",28,2027,0,"2026/2027"
"Cyprus","total",2027-07-25,"2027-W29",29,2027,0,"2026/2027"
"Cyprus","total",2027-08-01,"2027-W30",30,2027,3,"2026/2027"
"Cyprus","total",2027-08-08,"2027-W31",31,2027,1,"2026/2027"
"Cyprus","total",2027-08-15,"2027-W32",32,2027,2,"2026/2027"
"Cyprus","total",2027-08-22,"2027-W33",33,2027,2,"2026/2027"
"Cyprus","total",2027-08-29,"2027-W34",34,2027,2,"2026/2027"
"Cyprus","total",2027-09-05,"2027-W35",35,2027,3,"2027/2028"
"Cyprus","total",2027-09-12,"2027-W36",36,2027,1,"2027/2028"
"Cyprus","total",2027-09-19,"2027-W37",37,2027,1,"2027/2028"
"Cyprus","total",2027-09-26,"2027-W38",38,2027,2,"2027/2028"
"Cyprus","total",2027-10-03,"2027-W39",39,2027,5,"2027/2028"
"Cyprus","total",2027-10-10,"2027-W40",40,2027,9,"2027/2028"
"Cyprus","total",2027-10-17,"2027-W41",41,2027,9,"2027/2028"
"Cyprus","total",2027-10-24,"2027-W42",42,2027,18,"2027/2028"
"Cyprus","total",2027-10-31,"2027-W43",43,2027,25,"2027/2028"
"Cyprus","total",2027-11-07,"2027-W44",44,2027,23,"2027/2028"
"Cyprus","total",2027-11-14,"2027-W45",45,2027,46,"2027/2028"
"Cyprus","total",2027-11-21,"2027-W46",46,2027,48,"2027/2028"
"Cyprus","total",2027-11-28,"2027-W47",47,2027,58,"2027/2028"
"Cyprus","total",2027-12-05,"2027-W48",48,2027,51,"2027/2028"
"Cyprus","total",2027-12-12,"2027-W49",49,2027,69,"2027/2028"
"Cyprus","total",2027-12-19,"2027-W50",50,2027,61,"2027/2028"
"Cyprus","total",2027-12-26,"2027-W51",51,2027,55,"2027/2028"
"Cyprus","total",2028-01-02,"2027-W52",52,2027,60,"2027/2028"
"Cyprus","total",2028-01-09,"2028-W01",1,2028,44,"2027/2028"
"Cyprus","total",2028-01-16,"2028-W02",2,2028,41,"2027/2028"
"Cyprus","total",2028-01-23,"2028-W03",3,2028,26,"2027/2028"
"Cyprus","total",2028-01-30,"2028-W04",4,2028,23,"2027/2028"
"Cyprus","total",2028-02-06,"2028-W05",5,2028,27,"2027/2028"
"Cyprus","total",2028-02-13,"2028-W06",6,2028,19,"2027/2028"
"Cyprus","total",2028-02-20,"2028-W07",7,2028,10,"2027/2028"
"Cyprus","total",2028-02-27,"2028-W08",8,2028,22,"2027/2028"
"Cyprus","total",2028-03-05,"2028-W09",9,2028,15,"2027/2028"
"Cyprus","total",2028-03-12,"2028-W10",10,2028,17,"2027/2028"
"Cyprus","total",2028-03-19,"2028-W11",11,2028,13,"2027/2028"
"Cyprus","total",2028-03-26,"2028-W12",12,2028,12,"2027/2028"
"Cyprus","total",2028-04-02,"2028-W13",13,2028,2,"2027/2028"
"Cyprus","total",2028-04-09,"2028-W14",14,2028,7,"2027/2028"
"Cyprus","total",2028-04-16,"2028-W15",15,2028,8,"2027/2028"
"Cyprus","total",2028-04-23,"2028-W16",16,2028,1,"2027/2028"
"Cyprus","total",2028-04-30,"2028-W17",17,2028,2,"2027/2028"
"Cyprus","total",2028-05-07,"2028-W18",18,2028,3,"2027/2028"
"Cyprus","total",2028-05-14,"2028-W19",19,2028,2,"2027/2028"
"Cyprus","total",2028-05-21,"2028-W20",20,2028,2,"2027/2028"
"Cyprus","total",2028-05-28,"2028-W21",21,2028,1,"2027/2028"
"Cyprus","total",2028-06-04,"2028-W22",22,2028,2,"2027/2028"
"Cyprus","total",2028-06-11,"2028-W23",23,2028,2,"2027/2028"
"Cyprus","total",2028-06-18,"2028-W24",24,2028,4,"2027/2028"
"Cyprus","total",2028-06-25,"2028-W25",25,2028,0,"2027/2028"
"Cyprus","total",2028-07-02,"2028-W26",26,2028,4,"2027/2028"
"Cyprus","total",2028-07-09,"2028-W27",27,2028,0,"2027/2028"
"Cyprus","total",2028-07-16,"2028-W28",28,2028,0,"2027/2028"
"Cyprus","total",2028-07-23,"2028-W29",29,2028,0,"2027/2028"
"Cyprus","total",2028-07-30,"2028-W30",30,2028,3,"2027/2028"
"Cyprus","total",2028-08-06,"2028-W31",31,2028,1,"2027/2028"
"Cyprus","total",2028-08-13,"2028-W32",32,2028,2,"2027/2028"
"Cyprus","total",2028-08-20,"2028-W33",33,2028,2,"2027/2028"
"Cyprus","total",2028-08-27,"2028-W34",34,2028,2,"2027/2028"
"Czech Republic","total",2026-09-06,"2026-W36",36,2026,9,"2026/2027"
"Czech Republic","total",2026-09-13,"2026-W37",37,2026,14,"2026/2027"
"Czech Republic","total",2026-09-20,"2026-W38",38,2026,23,"2026/2027"
"Czech Republic","total",2026-09-27,"2026-W39",39,2026,33,"2026/2027"
"Czech Republic","total",2026-10-04,"2026-W40",40,2026,41,"2026/2027"
"Czech Republic","total",2026-10-11,"2026-W41",41,2026,66,"2026/2027"
"Czech Republic","total",2026-10-18,"2026-W42",42,2026,107,"2026/2027"
"Czech Republic","total",2026-10-25,"2026-W43",43,2026,166,"2026/2027"
"Czech Republic","total",2026-11-01,"2026-W44",44,2026,196,"2026/2027"
"Czech Republic","total",2026-11-08,"2026-W45",45,2026,309,"2026/2027"
"Czech Republic","total",2026-11-15,"2026-W46",46,2026,422,"2026/2027"
"Czech Republic","total",2026-11-22,"2026-W47",47,2026,526,"2026/2027"
"Czech Republic","total",2026-11-29,"2026-W48",48,2026,597,"2026/2027"
"Czech Republic","total",2026-12-06,"2026-W49",49,2026,579,"2026/2027"
"Czech Republic","total",2026-12-13,"2026-W50",50,2026,649,"2026/2027"
"Czech Republic","total",2026-12-20,"2026-W51",51,2026,625,"2026/2027"
"Czech Republic","total",2026-12-27,"2026-W52",52,2026,515,"2026/2027"
"Czech Republic","total",2027-01-03,"2026-W53",53,2026,458,"2026/2027"
"Czech Republic","total",2027-01-10,"2027-W01",1,2027,440,"2026/2027"
"Czech Republic","total",2027-01-17,"2027-W02",2,2027,334,"2026/2027"
"Czech Republic","total",2027-01-24,"2027-W03",3,2027,260,"2026/2027"
"Czech Republic","total",2027-01-31,"2027-W04",4,2027,261,"2026/2027"
"Czech Republic","total",2027-02-07,"2027-W05",5,2027,219,"2026/2027"
"Czech Republic","total",2027-02-14,"2027-W06",6,2027,180,"2026/2027"
"Czech Republic","total",2027-02-21,"2027-W07",7,2027,181,"2026/2027"
"Czech Republic","total",2027-02-28,"2027-W08",8,2027,161,"2026/2027"
"Czech Republic","total",2027-03-07,"2027-W09",9,2027,112,"2026/2027"
"Czech Republic","total",2027-03-14,"2027-W10",10,2027,125,"2026/2027"
"Czech Republic","total",2027-03-21,"2027-W11",11,2027,111,"2026/2027"
"Czech Republic","total",2027-03-28,"2027-W12",12,2027,77,"2026/2027"
"Czech Republic","total",2027-04-04,"2027-W13",13,2027,78,"2026/2027"
"Czech Republic","total",2027-04-11,"2027-W14",14,2027,56,"2026/2027"
"Czech Republic","total",2027-04-18,"2027-W15",15,2027,64,"2026/2027"
"Czech Republic","total",2027-04-25,"2027-W16",16,2027,57,"2026/2027"
"Czech Republic","total",2027-05-02,"2027-W17",17,2027,47,"2026/2027"
"Czech Republic","total",2027-05-09,"2027-W18",18,2027,43,"2026/2027"
"Czech Republic","total",2027-05-16,"2027-W19",19,2027,32,"2026/2027"
"Czech Republic","total",2027-05-23,"2027-W20",20,2027,30,"2026/2027"
"Czech Republic","total",2027-05-30,"2027-W21",21,2027,29,"2026/2027"
"Czech Republic","total",2027-06-06,"2027-W22",22,2027,16,"2026/2027"
"Czech Republic","total",2027-06-13,"2027-W23",23,2027,29,"2026/2027"
"Czech Republic","total",2027-06-20,"2027-W24",24,2027,14,"2026/2027"
"Czech Republic","total",2027-06-27,"2027-W25",25,2027,12,"2026/2027"
"Czech Republic","total",2027-07-04,"2027-W26",26,2027,8,"2026/2027"
"Czech Republic","total",2027-07-11,"2027-W27",27,2027,15,"2026/2027"
"Czech Republic","total",2027-07-18,"2027-W28",28,2027,8,"2026/2027"
"Czech Republic","total",2027-07-25,"2027-W29",29,2027,18,"2026/2027"
"Czech Republic","total",2027-08-01,"2027-W30",30,2027,16,"2026/2027"
"Czech Republic","total",2027-08-08,"2027-W31",31,2027,7,"2026/2027"
"Czech Republic","total",2027-08-15,"2027-W32",32,2027,7,"2026/2027"
"Czech Republic","total",2027-08-22,"2027-W33",33,2027,13,"2026/2027"
"Czech Republic","total",2027-08-29,"2027-W34",34,2027,11,"2026/2027"
"Czech Republic","total",2027-09-05,"2027-W35",35,2027,9,"2027/2028"
"Czech Republic","total",2027-09-12,"2027-W36",36,2027,14,"2027/2028"
"Czech Republic","total",2027-09-19,"2027-W37",37,2027,23,"2027/2028"
"Czech Republic","total",2027-09-26,"2027-W38",38,2027,33,"2027/2028"
"Czech Republic","total",2027-10-03,"2027-W39",39,2027,41,"2027/2028"
"Czech Republic","total",2027-10-10,"2027-W40",40,2027,66,"2027/2028"
"Czech Republic","total",2027-10-17,"2027-W41",41,2027,107,"2027/2028"
"Czech Republic","total",2027-10-24,"2027-W42",42,2027,166,"2027/2028"
"Czech Republic","total",2027-10-31,"2027-W43",43,2027,196,"2027/2028"
"Czech Republic","total",2027-11-07,"2027-W44",44,2027,309,"2027/2028"
"Czech Republic","total",2027-11-14,"2027-W45",45,2027,422,"2027/2028"
"Czech Republic","total",2027-11-21,"2027-W46",46,2027,526,"2027/2028"
"Czech Republic","total",2027-11-28,"2027-W47",47,2027,597,"2027/2028"
"Czech Republic","total",2027-12-05,"2027-W48",48,2027,579,"2027/2028"
"Czech Republic","total",2027-12-12,"2027-W49",49,2027,649,"2027/2028"
"Czech Republic","total",2027-12-19,"2027-W50",50,2027,625,"2027/2028"
"Czech Republic","total",2027-12-26,"2027-W51",51,2027,515,"2027/2028"
"Czech Republic","total",2028-01-02,"2027-W52",52,2027,458,"2027/2028"
"Czech Republic","total",2028-01-09,"2028-W01",1,2028,440,"2027/2028"
"Czech Republic","total",2028-01-16,"2028-W02",2,2028,334,"2027/2028"
"Czech Republic","total",2028-01-23,"2028-W03",3,2028,260,"2027/2028"
"Czech Republic","total",2028-01-30,"2028-W04",4,2028,261,"2027/2028"
"Czech Republic","total",2028-02-06,"2028-W05",5,2028,219,"2027/2028"
"Czech Republic","total",2028-02-13,"2028-W06",6,2028,180,"2027/2028"
"Czech Republic","total",2028-02-20,"2028-W07",7,2028,181,"2027/2028"
"Czech Republic","total",2028-02-27,"2028-W08",8,2028,161,"2027/2028"
"Czech Republic","total",2028-03-05,"2028-W09",9,2028,112,"2027/2028"
"Czech Republic","total",2028-03-12,"2028-W10",10,2028,125,"2027/2028"
"Czech Republic","total",2028-03-19,"2028-W11",11,2028,111,"2027/2028"
"Czech Republic","total",2028-03-26,"2028-W12",12,2028,77,"2027/2028"
"Czech Republic","total",2028-04-02,"2028-W13",13,2028,78,"2027/2028"
"Czech Republic","total",2028-04-09,"2028-W14",14,2028,56,"2027/2028"
"Czech Republic","total",2028-04-16,"2028-W15",15,2028,64,"2027/2028"
"Czech Republic","total",2028-04-23,"2028-W16",16,2028,57,"2027/2028"
"Czech Republic","total",2028-04-30,"2028-W17",17,2028,47,"2027/2028"
"Czech Republic","total",2028-05-07,"2028-W18",18,2028,43,"2027/2028"
"Czech Republic","total",2028-05-14,"2028-W19",19,2028,32,"2027/2028"
"Czech Republic","total",2028-05-21,"2028-W20",20,2028,30,"2027/2028"
"Czech Republic","total",2028-05-28,"2028-W21",21,2028,29,"2027/2028"
"Czech Republic","total",2028-06-04,"2028-W22",22,2028,16,"2027/2028"
"Czech Republic","total",2028-06-11,"2028-W23",23,2028,29,"2027/2028"
"Czech Republic","total",2028-06-18,"2028-W24",24,2028,14,"2027/2028"
"Czech Republic","total",2028-06-25,"2028-W25",25,2028,12,"2027/2028"
"Czech Republic","total",2028-07-02,"2028-W26",26,2028,8,"2027/2028"
"Czech Republic","total",2028-07-09,"2028-W27",27,2028,15,"2027/2028"
"Czech Republic","total",2028-07-16,"2028-W28",28,2028,8,"2027/2028"
"Czech Republic","total",2028-07-23,"2028-W29",29,2028,18,"2027/2028"
"Czech Republic","total",2028-07-30,"2028-W30",30,2028,16,"2027/2028"
"Czech Republic","total",2028-08-06,"2028-W31",31,2028,7,"2027/2028"
"Czech Republic","total",2028-08-13,"2028-W32",32,2028,7,"2027/2028"
"Czech Republic","total",2028-08-20,"2028-W33",33,2028,13,"2027/2028"
"Czech Republic","total",2028-08-27,"2028-W34",34,2028,11,"2027/2028"
"Denmark","total",2026-09-06,"2026-W36",36,2026,10,"2026/2027"
"Denmark","total",2026-09-13,"2026-W37",37,2026,7,"2026/2027"
"Denmark","total",2026-09-20,"2026-W38",38,2026,12,"2026/2027"
"Denmark","total",2026-09-27,"2026-W39",39,2026,17,"2026/2027"
"Denmark","total",2026-10-04,"2026-W40",40,2026,33,"2026/2027"
"Denmark","total",2026-10-11,"2026-W41",41,2026,35,"2026/2027"
"Denmark","total",2026-10-18,"2026-W42",42,2026,80,"2026/2027"
"Denmark","total",2026-10-25,"2026-W43",43,2026,84,"2026/2027"
"Denmark","total",2026-11-01,"2026-W44",44,2026,124,"2026/2027"
"Denmark","total",2026-11-08,"2026-W45",45,2026,198,"2026/2027"
"Denmark","total",2026-11-15,"2026-W46",46,2026,259,"2026/2027"
"Denmark","total",2026-11-22,"2026-W47",47,2026,282,"2026/2027"
"Denmark","total",2026-11-29,"2026-W48",48,2026,305,"2026/2027"
"Denmark","total",2026-12-06,"2026-W49",49,2026,362,"2026/2027"
"Denmark","total",2026-12-13,"2026-W50",50,2026,324,"2026/2027"
"Denmark","total",2026-12-20,"2026-W51",51,2026,344,"2026/2027"
"Denmark","total",2026-12-27,"2026-W52",52,2026,309,"2026/2027"
"Denmark","total",2027-01-03,"2026-W53",53,2026,264,"2026/2027"
"Denmark","total",2027-01-10,"2027-W01",1,2027,281,"2026/2027"
"Denmark","total",2027-01-17,"2027-W02",2,2027,218,"2026/2027"
"Denmark","total",2027-01-24,"2027-W03",3,2027,161,"2026/2027"
"Denmark","total",2027-01-31,"2027-W04",4,2027,140,"2026/2027"
"Denmark","total",2027-02-07,"2027-W05",5,2027,112,"2026/2027"
"Denmark","total",2027-02-14,"2027-W06",6,2027,94,"2026/2027"
"Denmark","total",2027-02-21,"2027-W07",7,2027,105,"2026/2027"
"Denmark","total",2027-02-28,"2027-W08",8,2027,107,"2026/2027"
"Denmark","total",2027-03-07,"2027-W09",9,2027,91,"2026/2027"
"Denmark","total",2027-03-14,"2027-W10",10,2027,60,"2026/2027"
"Denmark","total",2027-03-21,"2027-W11",11,2027,55,"2026/2027"
"Denmark","total",2027-03-28,"2027-W12",12,2027,56,"2026/2027"
"Denmark","total",2027-04-04,"2027-W13",13,2027,51,"2026/2027"
"Denmark","total",2027-04-11,"2027-W14",14,2027,35,"2026/2027"
"Denmark","total",2027-04-18,"2027-W15",15,2027,34,"2026/2027"
"Denmark","total",2027-04-25,"2027-W16",16,2027,32,"2026/2027"
"Denmark","total",2027-05-02,"2027-W17",17,2027,37,"2026/2027"
"Denmark","total",2027-05-09,"2027-W18",18,2027,29,"2026/2027"
"Denmark","total",2027-05-16,"2027-W19",19,2027,22,"2026/2027"
"Denmark","total",2027-05-23,"2027-W20",20,2027,12,"2026/2027"
"Denmark","total",2027-05-30,"2027-W21",21,2027,11,"2026/2027"
"Denmark","total",2027-06-06,"2027-W22",22,2027,6,"2026/2027"
"Denmark","total",2027-06-13,"2027-W23",23,2027,7,"2026/2027"
"Denmark","total",2027-06-20,"2027-W24",24,2027,11,"2026/2027"
"Denmark","total",2027-06-27,"2027-W25",25,2027,6,"2026/2027"
"Denmark","total",2027-07-04,"2027-W26",26,2027,13,"2026/2027"
"Denmark","total",2027-07-11,"2027-W27",27,2027,6,"2026/2027"
"Denmark","total",2027-07-18,"2027-W28",28,2027,7,"2026/2027"
"Denmark","total",2027-07-25,"2027-W29",29,2027,4,"2026/2027"
"Denmark","total",2027-08-01,"2027-W30",30,2027,8,"2026/2027"
"Denmark","total",2027-08-08,"2027-W31",31,2027,8,"2026/2027"
"Denmark","total",2027-08-15,"2027-W32",32,2027,6,"2026/2027"
"Denmark","total",2027-08-22,"2027-W33",33,2027,5,"2026/2027"
"Denmark","total",2027-08-29,"2027-W34",34,2027,11,"2026/2027"
"Denmark","total",2027-09-05,"2027-W35",35,2027,10,"2027/2028"
"Denmark","total",2027-09-12,"2027-W36",36,2027,7,"2027/2028"
"Denmark","total",2027-09-19,"2027-W37",37,2027,12,"2027/2028"
"Denmark","total",2027-09-26,"2027-W38",38,2027,17,"2027/2028"
"Denmark","total",2027-10-03,"2027-W39",39,2027,33,"2027/2028"
"Denmark","total",2027-10-10,"2027-W40",40,2027,35,"2027/2028"
"Denmark","total",2027-10-17,"2027-W41",41,2027,80,"2027/2028"
"Denmark","total",2027-10-24,"2027-W42",42,2027,84,"2027/2028"
"Denmark","total",2027-10-31,"2027-W43",43,2027,124,"2027/2028"
"Denmark","total",2027-11-07,"2027-W44",44,2027,198,"2027/2028"
"Denmark","total",2027-11-14,"2027-W45",45,2027,259,"2027/2028"
"Denmark","total",2027-11-21,"2027-W46",46,2027,282,"2027/2028"
"Denmark","total",2027-11-28,"2027-W47",47,2027,305,"2027/2028"
"Denmark","total",2027-12-05,"2027-W48",48,2027,362,"2027/2028"
"Denmark","total",2027-12-12,"2027-W49",49,2027,324,"2027/2028"
"Denmark","total",2027-12-19,"2027-W50",50,2027,344,"2027/2028"
"Denmark","total",2027-12-26,"2027-W51",51,2027,309,"2027/2028"
"Denmark","total",2028-01-02,"2027-W52",52,2027,264,"2027/2028"
"Denmark","total",2028-01-09,"2028-W01",1,2028,281,"2027/2028"
"Denmark","total",2028-01-16,"2028-W02",2,2028,218,"2027/2028"
"Denmark","total",2028-01-23,"2028-W03",3,2028,161,"2027/2028"
"Denmark","total",2028-01-30,"2028-W04",4,2028,140,"2027/2028"
"Denmark","total",2028-02-06,"2028-W05",5,2028,112,"2027/2028"
"Denmark","total",2028-02-13,"2028-W06",6,2028,94,"2027/2028"
"Denmark","total",2028-02-20,"2028-W07",7,2028,105,"2027/2028"
"Denmark","total",2028-02-27,"2028-W08",8,2028,107,"2027/2028"
"Denmark","total",2028-03-05,"2028-W09",9,2028,91,"2027/2028"
"Denmark","total",2028-03-12,"2028-W10",10,2028,60,"2027/2028"
"Denmark","total",2028-03-19,"2028-W11",11,2028,55,"2027/2028"
"Denmark","total",2028-03-26,"2028-W12",12,2028,56,"2027/2028"
"Denmark","total",2028-04-02,"2028-W13",13,2028,51,"2027/2028"
"Denmark","total",2028-04-09,"2028-W14",14,2028,35,"2027/2028"
"Denmark","total",2028-04-16,"2028-W15",15,2028,34,"2027/2028"
"Denmark","total",2028-04-23,"2028-W16",16,2028,32,"2027/2028"
"Denmark","total",2028-04-30,"2028-W17",17,2028,37,"2027/2028"
"Denmark","total",2028-05-07,"2028-W18",18,2028,29,"2027/2028"
"Denmark","total",2028-05-14,"2028-W19",19,2028,22,"2027/2028"
"Denmark","total",2028-05-21,"2028-W20",20,2028,12,"2027/2028"
"Denmark","total",2028-05-28,"2028-W21",21,2028,11,"2027/2028"
"Denmark","total",2028-06-04,"2028-W22",22,2028,6,"2027/2028"
"Denmark","total",2028-06-11,"2028-W23",23,2028,7,"2027/2028"
"Denmark","total",2028-06-18,"2028-W24",24,2028,11,"2027/2028"
"Denmark","total",2028-06-25,"2028-W25",25,2028,6,"2027/2028"
"Denmark","total",2028-07-02,"2028-W26",26,2028,13,"2027/2028"
"Denmark","total",2028-07-09,"2028-W27",27,2028,6,"2027/2028"
"Denmark","total",2028-07-16,"2028-W28",28,2028,7,"2027/2028"
"Denmark","total",2028-07-23,"2028-W29",29,2028,4,"2027/2028"
"Denmark","total",2028-07-30,"2028-W30",30,2028,8,"2027/2028"
"Denmark","total",2028-08-06,"2028-W31",31,2028,8,"2027/2028"
"Denmark","total",2028-08-13,"2028-W32",32,2028,6,"2027/2028"
"Denmark","total",2028-08-20,"2028-W33",33,2028,5,"2027/2028"
"Denmark","total",2028-08-27,"2028-W34",34,2028,11,"2027/2028"
"Estonia","total",2026-09-06,"2026-W36",36,2026,2,"2026/2027"
"Estonia","total",2026-09-13,"2026-W37",37,2026,3,"2026/2027"
"Estonia","total",2026-09-20,"2026-W38",38,2026,6,"2026/2027"
"Estonia","total",2026-09-27,"2026-W39",39,2026,3,"2026/2027"
"Estonia","total",2026-10-04,"2026-W40",40,2026,7,"2026/2027"
"Estonia","total",2026-10-11,"2026-W41",41,2026,11,"2026/2027"
"Estonia","total",2026-10-18,"2026-W42",42,2026,13,"2026/2027"
"Estonia","total",2026-10-25,"2026-W43",43,2026,20,"2026/2027"
"Estonia","total",2026-11-01,"2026-W44",44,2026,26,"2026/2027"
"Estonia","total",2026-11-08,"2026-W45",45,2026,44,"2026/2027"
"Estonia","total",2026-11-15,"2026-W46",46,2026,55,"2026/2027"
"Estonia","total",2026-11-22,"2026-W47",47,2026,62,"2026/2027"
"Estonia","total",2026-11-29,"2026-W48",48,2026,70,"2026/2027"
"Estonia","total",2026-12-06,"2026-W49",49,2026,66,"2026/2027"
"Estonia","total",2026-12-13,"2026-W50",50,2026,65,"2026/2027"
"Estonia","total",2026-12-20,"2026-W51",51,2026,69,"2026/2027"
"Estonia","total",2026-12-27,"2026-W52",52,2026,52,"2026/2027"
"Estonia","total",2027-01-03,"2026-W53",53,2026,40,"2026/2027"
"Estonia","total",2027-01-10,"2027-W01",1,2027,50,"2026/2027"
"Estonia","total",2027-01-17,"2027-W02",2,2027,39,"2026/2027"
"Estonia","total",2027-01-24,"2027-W03",3,2027,26,"2026/2027"
"Estonia","total",2027-01-31,"2027-W04",4,2027,26,"2026/2027"
"Estonia","total",2027-02-07,"2027-W05",5,2027,21,"2026/2027"
"Estonia","total",2027-02-14,"2027-W06",6,2027,24,"2026/2027"
"Estonia","total",2027-02-21,"2027-W07",7,2027,21,"2026/2027"
"Estonia","total",2027-02-28,"2027-W08",8,2027,23,"2026/2027"
"Estonia","total",2027-03-07,"2027-W09",9,2027,15,"2026/2027"
"Estonia","total",2027-03-14,"2027-W10",10,2027,20,"2026/2027"
"Estonia","total",2027-03-21,"2027-W11",11,2027,10,"2026/2027"
"Estonia","total",2027-03-28,"2027-W12",12,2027,6,"2026/2027"
"Estonia","total",2027-04-04,"2027-W13",13,2027,9,"2026/2027"
"Estonia","total",2027-04-11,"2027-W14",14,2027,8,"2026/2027"
"Estonia","total",2027-04-18,"2027-W15",15,2027,6,"2026/2027"
"Estonia","total",2027-04-25,"2027-W16",16,2027,6,"2026/2027"
"Estonia","total",2027-05-02,"2027-W17",17,2027,3,"2026/2027"
"Estonia","total",2027-05-09,"2027-W18",18,2027,7,"2026/2027"
"Estonia","total",2027-05-16,"2027-W19",19,2027,6,"2026/2027"
"Estonia","total",2027-05-23,"2027-W20",20,2027,3,"2026/2027"
"Estonia","total",2027-05-30,"2027-W21",21,2027,3,"2026/2027"
"Estonia","total",2027-06-06,"2027-W22",22,2027,2,"2026/2027"
"Estonia","total",2027-06-13,"2027-W23",23,2027,1,"2026/2027"
"Estonia","total",2027-06-20,"2027-W24",24,2027,1,"2026/2027"
"Estonia","total",2027-06-27,"2027-W25",25,2027,3,"2026/2027"
"Estonia","total",2027-07-04,"2027-W26",26,2027,4,"2026/2027"
"Estonia","total",2027-07-11,"2027-W27",27,2027,0,"2026/2027"
"Estonia","total",2027-07-18,"2027-W28",28,2027,1,"2026/2027"
"Estonia","total",2027-07-25,"2027-W29",29,2027,0,"2026/2027"
"Estonia","total",2027-08-01,"2027-W30",30,2027,1,"2026/2027"
"Estonia","total",2027-08-08,"2027-W31",31,2027,1,"2026/2027"
"Estonia","total",2027-08-15,"2027-W32",32,2027,1,"2026/2027"
"Estonia","total",2027-08-22,"2027-W33",33,2027,2,"2026/2027"
"Estonia","total",2027-08-29,"2027-W34",34,2027,0,"2026/2027"
"Estonia","total",2027-09-05,"2027-W35",35,2027,2,"2027/2028"
"Estonia","total",2027-09-12,"2027-W36",36,2027,3,"2027/2028"
"Estonia","total",2027-09-19,"2027-W37",37,2027,6,"2027/2028"
"Estonia","total",2027-09-26,"2027-W38",38,2027,3,"2027/2028"
"Estonia","total",2027-10-03,"2027-W39",39,2027,7,"2027/2028"
"Estonia","total",2027-10-10,"2027-W40",40,2027,11,"2027/2028"
"Estonia","total",2027-10-17,"2027-W41",41,2027,13,"2027/2028"
"Estonia","total",2027-10-24,"2027-W42",42,2027,20,"2027/2028"
"Estonia","total",2027-10-31,"2027-W43",43,2027,26,"2027/2028"
"Estonia","total",2027-11-07,"2027-W44",44,2027,44,"2027/2028"
"Estonia","total",2027-11-14,"2027-W45",45,2027,55,"2027/2028"
"Estonia","total",2027-11-21,"2027-W46",46,2027,62,"2027/2028"
"Estonia","total",2027-11-28,"2027-W47",47,2027,70,"2027/2028"
"Estonia","total",2027-12-05,"2027-W48",48,2027,66,"2027/2028"
"Estonia","total",2027-12-12,"2027-W49",49,2027,65,"2027/2028"
"Estonia","total",2027-12-19,"2027-W50",50,2027,69,"2027/2028"
"Estonia","total",2027-12-26,"2027-W51",51,2027,52,"2027/2028"
"Estonia","total",2028-01-02,"2027-W52",52,2027,40,"2027/2028"
"Estonia","total",2028-01-09,"2028-W01",1,2028,50,"2027/2028"
"Estonia","total",2028-01-16,"2028-W02",2,2028,39,"2027/2028"
"Estonia","total",2028-01-23,"2028-W03",3,2028,26,"2027/2028"
"Estonia","total",2028-01-30,"2028-W04",4,2028,26,"2027/2028"
"Estonia","total",2028-02-06,"2028-W05",5,2028,21,"2027/2028"
"Estonia","total",2028-02-13,"2028-W06",6,2028,24,"2027/2028"
"Estonia","total",2028-02-20,"2028-W07",7,2028,21,"2027/2028"
"Estonia","total",2028-02-27,"2028-W08",8,2028,23,"2027/2028"
"Estonia","total",2028-03-05,"2028-W09",9,2028,15,"2027/2028"
"Estonia","total",2028-03-12,"2028-W10",10,2028,20,"2027/2028"
"Estonia","total",2028-03-19,"2028-W11",11,2028,10,"2027/2028"
"Estonia","total",2028-03-26,"2028-W12",12,2028,6,"2027/2028"
"Estonia","total",2028-04-02,"2028-W13",13,2028,9,"2027/2028"
"Estonia","total",2028-04-09,"2028-W14",14,2028,8,"2027/2028"
"Estonia","total",2028-04-16,"2028-W15",15,2028,6,"2027/2028"
"Estonia","total",2028-04-23,"2028-W16",16,2028,6,"2027/2028"
"Estonia","total",2028-04-30,"2028-W17",17,2028,3,"2027/2028"
"Estonia","total",2028-05-07,"2028-W18",18,2028,7,"2027/2028"
"Estonia","total",2028-05-14,"2028-W19",19,2028,6,"2027/2028"
"Estonia","total",2028-05-21,"2028-W20",20,2028,3,"2027/2028"
"Estonia","total",2028-05-28,"2028-W21",21,2028,3,"2027/2028"
"Estonia","total",2028-06-04,"2028-W22",22,2028,2,"2027/2028"
"Estonia","total",2028-06-11,"2028-W23",23,2028,1,"2027/2028"
"Estonia","total",2028-06-18,"2028-W24",24,2028,1,"2027/2028"
"Estonia","total",2028-06-25,"2028-W25",25,2028,3,"2027/2028"
"Estonia","total",2028-07-02,"2028-W26",26,2028,4,"2027/2028"
"Estonia","total",2028-07-09,"2028-W27",27,2028,0,"2027/2028"
"Estonia","total",2028-07-16,"2028-W28",28,2028,1,"2027/2028"
"Estonia","total",2028-07-23,"2028-W29",29,2028,0,"2027/2028"
"Estonia","total",2028-07-30,"2028-W30",30,2028,1,"2027/2028"
"Estonia","total",2028-08-06,"2028-W31",31,2028,1,"2027/2028"
"Estonia","total",2028-08-13,"2028-W32",32,2028,1,"2027/2028"
"Estonia","total",2028-08-20,"2028-W33",33,2028,2,"2027/2028"
"Estonia","total",2028-08-27,"2028-W34",34,2028,0,"2027/2028"
"Finland","total",2026-09-06,"2026-W36",36,2026,6,"2026/2027"
"Finland","total",2026-09-13,"2026-W37",37,2026,2,"2026/2027"
"Finland","total",2026-09-20,"2026-W38",38,2026,12,"2026/2027"
"Finland","total",2026-09-27,"2026-W39",39,2026,15,"2026/2027"
"Finland","total",2026-10-04,"2026-W40",40,2026,21,"2026/2027"
"Finland","total",2026-10-11,"2026-W41",41,2026,31,"2026/2027"
"Finland","total",2026-10-18,"2026-W42",42,2026,53,"2026/2027"
"Finland","total",2026-10-25,"2026-W43",43,2026,64,"2026/2027"
"Finland","total",2026-11-01,"2026-W44",44,2026,92,"2026/2027"
"Finland","total",2026-11-08,"2026-W45",45,2026,111,"2026/2027"
"Finland","total",2026-11-15,"2026-W46",46,2026,150,"2026/2027"
"Finland","total",2026-11-22,"2026-W47",47,2026,178,"2026/2027"
"Finland","total",2026-11-29,"2026-W48",48,2026,191,"2026/2027"
"Finland","total",2026-12-06,"2026-W49",49,2026,222,"2026/2027"
"Finland","total",2026-12-13,"2026-W50",50,2026,235,"2026/2027"
"Finland","total",2026-12-20,"2026-W51",51,2026,227,"2026/2027"
"Finland","total",2026-12-27,"2026-W52",52,2026,205,"2026/2027"
"Finland","total",2027-01-03,"2026-W53",53,2026,188,"2026/2027"
"Finland","total",2027-01-10,"2027-W01",1,2027,148,"2026/2027"
"Finland","total",2027-01-17,"2027-W02",2,2027,145,"2026/2027"
"Finland","total",2027-01-24,"2027-W03",3,2027,111,"2026/2027"
"Finland","total",2027-01-31,"2027-W04",4,2027,84,"2026/2027"
"Finland","total",2027-02-07,"2027-W05",5,2027,103,"2026/2027"
"Finland","total",2027-02-14,"2027-W06",6,2027,69,"2026/2027"
"Finland","total",2027-02-21,"2027-W07",7,2027,73,"2026/2027"
"Finland","total",2027-02-28,"2027-W08",8,2027,75,"2026/2027"
"Finland","total",2027-03-07,"2027-W09",9,2027,50,"2026/2027"
"Finland","total",2027-03-14,"2027-W10",10,2027,40,"2026/2027"
"Finland","total",2027-03-21,"2027-W11",11,2027,38,"2026/2027"
"Finland","total",2027-03-28,"2027-W12",12,2027,30,"2026/2027"
"Finland","total",2027-04-04,"2027-W13",13,2027,21,"2026/2027"
"Finland","total",2027-04-11,"2027-W14",14,2027,27,"2026/2027"
"Finland","total",2027-04-18,"2027-W15",15,2027,29,"2026/2027"
"Finland","total",2027-04-25,"2027-W16",16,2027,25,"2026/2027"
"Finland","total",2027-05-02,"2027-W17",17,2027,13,"2026/2027"
"Finland","total",2027-05-09,"2027-W18",18,2027,16,"2026/2027"
"Finland","total",2027-05-16,"2027-W19",19,2027,17,"2026/2027"
"Finland","total",2027-05-23,"2027-W20",20,2027,8,"2026/2027"
"Finland","total",2027-05-30,"2027-W21",21,2027,8,"2026/2027"
"Finland","total",2027-06-06,"2027-W22",22,2027,6,"2026/2027"
"Finland","total",2027-06-13,"2027-W23",23,2027,6,"2026/2027"
"Finland","total",2027-06-20,"2027-W24",24,2027,3,"2026/2027"
"Finland","total",2027-06-27,"2027-W25",25,2027,6,"2026/2027"
"Finland","total",2027-07-04,"2027-W26",26,2027,9,"2026/2027"
"Finland","total",2027-07-11,"2027-W27",27,2027,3,"2026/2027"
"Finland","total",2027-07-18,"2027-W28",28,2027,5,"2026/2027"
"Finland","total",2027-07-25,"2027-W29",29,2027,5,"2026/2027"
"Finland","total",2027-08-01,"2027-W30",30,2027,5,"2026/2027"
"Finland","total",2027-08-08,"2027-W31",31,2027,4,"2026/2027"
"Finland","total",2027-08-15,"2027-W32",32,2027,3,"2026/2027"
"Finland","total",2027-08-22,"2027-W33",33,2027,5,"2026/2027"
"Finland","total",2027-08-29,"2027-W34",34,2027,6,"2026/2027"
"Finland","total",2027-09-05,"2027-W35",35,2027,6,"2027/2028"
"Finland","total",2027-09-12,"2027-W36",36,2027,2,"2027/2028"
"Finland","total",2027-09-19,"2027-W37",37,2027,12,"2027/2028"
"Finland","total",2027-09-26,"2027-W38",38,2027,15,"2027/2028"
"Finland","total",2027-10-03,"2027-W39",39,2027,21,"2027/2028"
"Finland","total",2027-10-10,"2027-W40",40,2027,31,"2027/2028"
"Finland","total",2027-10-17,"2027-W41",41,2027,53,"2027/2028"
"Finland","total",2027-10-24,"2027-W42",42,2027,64,"2027/2028"
"Finland","total",2027-10-31,"2027-W43",43,2027,92,"2027/2028"
"Finland","total",2027-11-07,"2027-W44",44,2027,111,"2027/2028"
"Finland","total",2027-11-14,"2027-W45",45,2027,150,"2027/2028"
"Finland","total",2027-11-21,"2027-W46",46,2027,178,"2027/2028"
"Finland","total",2027-11-28,"2027-W47",47,2027,191,"2027/2028"
"Finland","total",2027-12-05,"2027-W48",48,2027,222,"2027/2028"
"Finland","total",2027-12-12,"2027-W49",49,2027,235,"2027/2028"
"Finland","total",2027-12-19,"2027-W50",50,2027,227,"2027/2028"
"Finland","total",2027-12-26,"2027-W51",51,2027,205,"2027/2028"
"Finland","total",2028-01-02,"2027-W52",52,2027,188,"2027/2028"
"Finland","total",2028-01-09,"2028-W01",1,2028,148,"2027/2028"
"Finland","total",2028-01-16,"2028-W02",2,2028,145,"2027/2028"
"Finland","total",2028-01-23,"2028-W03",3,2028,111,"2027/2028"
"Finland","total",2028-01-30,"2028-W04",4,2028,84,"2027/2028"
"Finland","total",2028-02-06,"2028-W05",5,2028,103,"2027/2028"
"Finland","total",2028-02-13,"2028-W06",6,2028,69,"2027/2028"
"Finland","total",2028-02-20,"2028-W07",7,2028,73,"2027/2028"
"Finland","total",2028-02-27,"2028-W08",8,2028,75,"2027/2028"
"Finland","total",2028-03-05,"2028-W09",9,2028,50,"2027/2028"
"Finland","total",2028-03-12,"2028-W10",10,2028,40,"2027/2028"
"Finland","total",2028-03-19,"2028-W11",11,2028,38,"2027/2028"
"Finland","total",2028-03-26,"2028-W12",12,2028,30,"2027/2028"
"Finland","total",2028-04-02,"2028-W13",13,2028,21,"2027/2028"
"Finland","total",2028-04-09,"2028-W14",14,2028,27,"2027/2028"
"Finland","total",2028-04-16,"2028-W15",15,2028,29,"2027/2028"
"Finland","total",2028-04-23,"2028-W16",16,2028,25,"2027/2028"
"Finland","total",2028-04-30,"2028-W17",17,2028,13,"2027/2028"
"Finland","total",2028-05-07,"2028-W18",18,2028,16,"2027/2028"
"Finland","total",2028-05-14,"2028-W19",19,2028,17,"2027/2028"
"Finland","total",2028-05-21,"2028-W20",20,2028,8,"2027/2028"
"Finland","total",2028-05-28,"2028-W21",21,2028,8,"2027/2028"
"Finland","total",2028-06-04,"2028-W22",22,2028,6,"2027/2028"
"Finland","total",2028-06-11,"2028-W23",23,2028,6,"2027/2028"
"Finland","total",2028-06-18,"2028-W24",24,2028,3,"2027/2028"
"Finland","total",2028-06-25,"2028-W25",25,2028,6,"2027/2028"
"Finland","total",2028-07-02,"2028-W26",26,2028,9,"2027/2028"
"Finland","total",2028-07-09,"2028-W27",27,2028,3,"2027/2028"
"Finland","total",2028-07-16,"2028-W28",28,2028,5,"2027/2028"
"Finland","total",2028-07-23,"2028-W29",29,2028,5,"2027/2028"
"Finland","total",2028-07-30,"2028-W30",30,2028,5,"2027/2028"
"Finland","total",2028-08-06,"2028-W31",31,2028,4,"2027/2028"
"Finland","total",2028-08-13,"2028-W32",32,2028,3,"2027/2028"
"Finland","total",2028-08-20,"2028-W33",33,2028,5,"2027/2028"
"Finland","total",2028-08-27,"2028-W34",34,2028,6,"2027/2028"
"France","total",2026-09-06,"2026-W36",36,2026,109,"2026/2027"
"France","total",2026-09-13,"2026-W37",37,2026,131,"2026/2027"
"France","total",2026-09-20,"2026-W38",38,2026,172,"2026/2027"
"France","total",2026-09-27,"2026-W39",39,2026,252,"2026/2027"
"France","total",2026-10-04,"2026-W40",40,2026,380,"2026/2027"
"France","total",2026-10-11,"2026-W41",41,2026,582,"2026/2027"
"France","total",2026-10-18,"2026-W42",42,2026,843,"2026/2027"
"France","total",2026-10-25,"2026-W43",43,2026,1375,"2026/2027"
"France","total",2026-11-01,"2026-W44",44,2026,1804,"2026/2027"
"France","total",2026-11-08,"2026-W45",45,2026,2517,"2026/2027"
"France","total",2026-11-15,"2026-W46",46,2026,3205,"2026/2027"
"France","total",2026-11-22,"2026-W47",47,2026,3924,"2026/2027"
"France","total",2026-11-29,"2026-W48",48,2026,4527,"2026/2027"
"France","total",2026-12-06,"2026-W49",49,2026,4613,"2026/2027"
"France","total",2026-12-13,"2026-W50",50,2026,4850,"2026/2027"
"France","total",2026-12-20,"2026-W51",51,2026,4388,"2026/2027"
"France","total",2026-12-27,"2026-W52",52,2026,3950,"2026/2027"
"France","total",2027-01-03,"2026-W53",53,2026,3743,"2026/2027"
"France","total",2027-01-10,"2027-W01",1,2027,3518,"2026/2027"
"France","total",2027-01-17,"2027-W02",2,2027,2742,"2026/2027"
"France","total",2027-01-24,"2027-W03",3,2027,2103,"2026/2027"
"France","total",2027-01-31,"2027-W04",4,2027,1876,"2026/2027"
"France","total",2027-02-07,"2027-W05",5,2027,1629,"2026/2027"
"France","total",2027-02-14,"2027-W06",6,2027,1467,"2026/2027"
"France","total",2027-02-21,"2027-W07",7,2027,1313,"2026/2027"
"France","total",2027-02-28,"2027-W08",8,2027,1226,"2026/2027"
"France","total",2027-03-07,"2027-W09",9,2027,1091,"2026/2027"
"France","total",2027-03-14,"2027-W10",10,2027,852,"2026/2027"
"France","total",2027-03-21,"2027-W11",11,2027,771,"2026/2027"
"France","total",2027-03-28,"2027-W12",12,2027,702,"2026/2027"
"France","total",2027-04-04,"2027-W13",13,2027,632,"2026/2027"
"France","total",2027-04-11,"2027-W14",14,2027,536,"2026/2027"
"France","total",2027-04-18,"2027-W15",15,2027,385,"2026/2027"
"France","total",2027-04-25,"2027-W16",16,2027,384,"2026/2027"
"France","total",2027-05-02,"2027-W17",17,2027,311,"2026/2027"
"France","total",2027-05-09,"2027-W18",18,2027,347,"2026/2027"
"France","total",2027-05-16,"2027-W19",19,2027,252,"2026/2027"
"France","total",2027-05-23,"2027-W20",20,2027,224,"2026/2027"
"France","total",2027-05-30,"2027-W21",21,2027,188,"2026/2027"
"France","total",2027-06-06,"2027-W22",22,2027,149,"2026/2027"
"France","total",2027-06-13,"2027-W23",23,2027,148,"2026/2027"
"France","total",2027-06-20,"2027-W24",24,2027,128,"2026/2027"
"France","total",2027-06-27,"2027-W25",25,2027,104,"2026/2027"
"France","total",2027-07-04,"2027-W26",26,2027,107,"2026/2027"
"France","total",2027-07-11,"2027-W27",27,2027,107,"2026/2027"
"France","total",2027-07-18,"2027-W28",28,2027,98,"2026/2027"
"France","total",2027-07-25,"2027-W29",29,2027,103,"2026/2027"
"France","total",2027-08-01,"2027-W30",30,2027,100,"2026/2027"
"France","total",2027-08-08,"2027-W31",31,2027,117,"2026/2027"
"France","total",2027-08-15,"2027-W32",32,2027,94,"2026/2027"
"France","total",2027-08-22,"2027-W33",33,2027,96,"2026/2027"
"France","total",2027-08-29,"2027-W34",34,2027,80,"2026/2027"
"France","total",2027-09-05,"2027-W35",35,2027,109,"2027/2028"
"France","total",2027-09-12,"2027-W36",36,2027,131,"2027/2028"
"France","total",2027-09-19,"2027-W37",37,2027,172,"2027/2028"
"France","total",2027-09-26,"2027-W38",38,2027,252,"2027/2028"
"France","total",2027-10-03,"2027-W39",39,2027,380,"2027/2028"
"France","total",2027-10-10,"2027-W40",40,2027,582,"2027/2028"
"France","total",2027-10-17,"2027-W41",41,2027,843,"2027/2028"
"France","total",2027-10-24,"2027-W42",42,2027,1375,"2027/2028"
"France","total",2027-10-31,"2027-W43",43,2027,1804,"2027/2028"
"France","total",2027-11-07,"2027-W44",44,2027,2517,"2027/2028"
"France","total",2027-11-14,"2027-W45",45,2027,3205,"2027/2028"
"France","total",2027-11-21,"2027-W46",46,2027,3924,"2027/2028"
"France","total",2027-11-28,"2027-W47",47,2027,4527,"2027/2028"
"France","total",2027-12-05,"2027-W48",48,2027,4613,"2027/2028"
"France","total",2027-12-12,"2027-W49",49,2027,4850,"2027/2028"
"France","total",2027-12-19,"2027-W50",50,2027,4388,"2027/2028"
"France","total",2027-12-26,"2027-W51",51,2027,3950,"2027/2028"
"France","total",2028-01-02,"2027-W52",52,2027,3743,"2027/2028"
"France","total",2028-01-09,"2028-W01",1,2028,3518,"2027/2028"
"France","total",2028-01-16,"2028-W02",2,2028,2742,"2027/2028"
"France","total",2028-01-23,"2028-W03",3,2028,2103,"2027/2028"
"France","total",2028-01-30,"2028-W04",4,2028,1876,"2027/2028"
"France","total",2028-02-06,"2028-W05",5,2028,1629,"2027/2028"
"France","total",2028-02-13,"2028-W06",6,2028,1467,"2027/2028"
"France","total",2028-02-20,"2028-W07",7,2028,1313,"2027/2028"
"France","total",2028-02-27,"2028-W08",8,2028,1226,"2027/2028"
"France","total",2028-03-05,"2028-W09",9,2028,1091,"2027/2028"
"France","total",2028-03-12,"2028-W10",10,2028,852,"2027/2028"
"France","total",2028-03-19,"2028-W11",11,2028,771,"2027/2028"
"France","total",2028-03-26,"2028-W12",12,2028,702,"2027/2028"
"France","total",2028-04-02,"2028-W13",13,2028,632,"2027/2028"
"France","total",2028-04-09,"2028-W14",14,2028,536,"2027/2028"
"France","total",2028-04-16,"2028-W15",15,2028,385,"2027/2028"
"France","total",2028-04-23,"2028-W16",16,2028,384,"2027/2028"
"France","total",2028-04-30,"2028-W17",17,2028,311,"2027/2028"
"France","total",2028-05-07,"2028-W18",18,2028,347,"2027/2028"
"France","total",2028-05-14,"2028-W19",19,2028,252,"2027/2028"
"France","total",2028-05-21,"2028-W20",20,2028,224,"2027/2028"
"France","total",2028-05-28,"2028-W21",21,2028,188,"2027/2028"
"France","total",2028-06-04,"2028-W22",22,2028,149,"2027/2028"
"France","total",2028-06-11,"2028-W23",23,2028,148,"2027/2028"
"France","total",2028-06-18,"2028-W24",24,2028,128,"2027/2028"
"France","total",2028-06-25,"2028-W25",25,2028,104,"2027/2028"
"France","total",2028-07-02,"2028-W26",26,2028,107,"2027/2028"
"France","total",2028-07-09,"2028-W27",27,2028,107,"2027/2028"
"France","total",2028-07-16,"2028-W28",28,2028,98,"2027/2028"
"France","total",2028-07-23,"2028-W29",29,2028,103,"2027/2028"
"France","total",2028-07-30,"2028-W30",30,2028,100,"2027/2028"
"France","total",2028-08-06,"2028-W31",31,2028,117,"2027/2028"
"France","total",2028-08-13,"2028-W32",32,2028,94,"2027/2028"
"France","total",2028-08-20,"2028-W33",33,2028,96,"2027/2028"
"France","total",2028-08-27,"2028-W34",34,2028,80,"2027/2028"
"Germany","total",2026-09-06,"2026-W36",36,2026,114,"2026/2027"
"Germany","total",2026-09-13,"2026-W37",37,2026,110,"2026/2027"
"Germany","total",2026-09-20,"2026-W38",38,2026,155,"2026/2027"
"Germany","total",2026-09-27,"2026-W39",39,2026,244,"2026/2027"
"Germany","total",2026-10-04,"2026-W40",40,2026,358,"2026/2027"
"Germany","total",2026-10-11,"2026-W41",41,2026,565,"2026/2027"
"Germany","total",2026-10-18,"2026-W42",42,2026,823,"2026/2027"
"Germany","total",2026-10-25,"2026-W43",43,2026,1300,"2026/2027"
"Germany","total",2026-11-01,"2026-W44",44,2026,1797,"2026/2027"
"Germany","total",2026-11-08,"2026-W45",45,2026,2451,"2026/2027"
"Germany","total",2026-11-15,"2026-W46",46,2026,3175,"2026/2027"
"Germany","total",2026-11-22,"2026-W47",47,2026,3691,"2026/2027"
"Germany","total",2026-11-29,"2026-W48",48,2026,4448,"2026/2027"
"Germany","total",2026-12-06,"2026-W49",49,2026,4524,"2026/2027"
"Germany","total",2026-12-13,"2026-W50",50,2026,4618,"2026/2027"
"Germany","total",2026-12-20,"2026-W51",51,2026,4319,"2026/2027"
"Germany","total",2026-12-27,"2026-W52",52,2026,3872,"2026/2027"
"Germany","total",2027-01-03,"2026-W53",53,2026,3665,"2026/2027"
"Germany","total",2027-01-10,"2027-W01",1,2027,3465,"2026/2027"
"Germany","total",2027-01-17,"2027-W02",2,2027,2584,"2026/2027"
"Germany","total",2027-01-24,"2027-W03",3,2027,2024,"2026/2027"
"Germany","total",2027-01-31,"2027-W04",4,2027,1855,"2026/2027"
"Germany","total",2027-02-07,"2027-W05",5,2027,1649,"2026/2027"
"Germany","total",2027-02-14,"2027-W06",6,2027,1454,"2026/2027"
"Germany","total",2027-02-21,"2027-W07",7,2027,1292,"2026/2027"
"Germany","total",2027-02-28,"2027-W08",8,2027,1172,"2026/2027"
"Germany","total",2027-03-07,"2027-W09",9,2027,997,"2026/2027"
"Germany","total",2027-03-14,"2027-W10",10,2027,850,"2026/2027"
"Germany","total",2027-03-21,"2027-W11",11,2027,753,"2026/2027"
"Germany","total",2027-03-28,"2027-W12",12,2027,661,"2026/2027"
"Germany","total",2027-04-04,"2027-W13",13,2027,617,"2026/2027"
"Germany","total",2027-04-11,"2027-W14",14,2027,466,"2026/2027"
"Germany","total",2027-04-18,"2027-W15",15,2027,391,"2026/2027"
"Germany","total",2027-04-25,"2027-W16",16,2027,386,"2026/2027"
"Germany","total",2027-05-02,"2027-W17",17,2027,293,"2026/2027"
"Germany","total",2027-05-09,"2027-W18",18,2027,287,"2026/2027"
"Germany","total",2027-05-16,"2027-W19",19,2027,205,"2026/2027"
"Germany","total",2027-05-23,"2027-W20",20,2027,223,"2026/2027"
"Germany","total",2027-05-30,"2027-W21",21,2027,174,"2026/2027"
"Germany","total",2027-06-06,"2027-W22",22,2027,146,"2026/2027"
"Germany","total",2027-06-13,"2027-W23",23,2027,122,"2026/2027"
"Germany","total",2027-06-20,"2027-W24",24,2027,121,"2026/2027"
"Germany","total",2027-06-27,"2027-W25",25,2027,110,"2026/2027"
"Germany","total",2027-07-04,"2027-W26",26,2027,103,"2026/2027"
"Germany","total",2027-07-11,"2027-W27",27,2027,88,"2026/2027"
"Germany","total",2027-07-18,"2027-W28",28,2027,120,"2026/2027"
"Germany","total",2027-07-25,"2027-W29",29,2027,97,"2026/2027"
"Germany","total",2027-08-01,"2027-W30",30,2027,92,"2026/2027"
"Germany","total",2027-08-08,"2027-W31",31,2027,101,"2026/2027"
"Germany","total",2027-08-15,"2027-W32",32,2027,93,"2026/2027"
"Germany","total",2027-08-22,"2027-W33",33,2027,96,"2026/2027"
"Germany","total",2027-08-29,"2027-W34",34,2027,85,"2026/2027"
"Germany","total",2027-09-05,"2027-W35",35,2027,114,"2027/2028"
"Germany","total",2027-09-12,"2027-W36",36,2027,110,"2027/2028"
"Germany","total",2027-09-19,"2027-W37",37,2027,155,"2027/2028"
"Germany","total",2027-09-26,"2027-W38",38,2027,244,"2027/2028"
"Germany","total",2027-10-03,"2027-W39",39,2027,358,"2027/2028"
"Germany","total",2027-10-10,"2027-W40",40,2027,565,"2027/2028"
"Germany","total",2027-10-17,"2027-W41",41,2027,823,"2027/2028"
"Germany","total",2027-10-24,"2027-W42",42,2027,1300,"2027/2028"
"Germany","total",2027-10-31,"2027-W43",43,2027,1797,"2027/2028"
"Germany","total",2027-11-07,"2027-W44",44,2027,2451,"2027/2028"
"Germany","total",2027-11-14,"2027-W45",45,2027,3175,"2027/2028"
"Germany","total",2027-11-21,"2027-W46",46,2027,3691,"2027/2028"
"Germany","total",2027-11-28,"2027-W47",47,2027,4448,"2027/2028"
"Germany","total",2027-12-05,"2027-W48",48,2027,4524,"2027/2028"
"Germany","total",2027-12-12,"2027-W49",49,2027,4618,"2027/2028"
"Germany","total",2027-12-19,"2027-W50",50,2027,4319,"2027/2028"
"Germany","total",2027-12-26,"2027-W51",51,2027,3872,"2027/2028"
"Germany","total",2028-01-02,"2027-W52",52,2027,3665,"2027/2028"
"Germany","total",2028-01-09,"2028-W01",1,2028,3465,"2027/2028"
"Germany","total",2028-01-16,"2028-W02",2,2028,2584,"2027/2028"
"Germany","total",2028-01-23,"2028-W03",3,2028,2024,"2027/2028"
"Germany","total",2028-01-30,"2028-W04",4,2028,1855,"2027/2028"
"Germany","total",2028-02-06,"2028-W05",5,2028,1649,"2027/2028"
"Germany","total",2028-02-13,"2028-W06",6,2028,1454,"2027/2028"
"Germany","total",2028-02-20,"2028-W07",7,2028,1292,"2027/2028"
"Germany","total",2028-02-27,"2028-W08",8,2028,1172,"2027/2028"
"Germany","total",2028-03-05,"2028-W09",9,2028,997,"2027/2028"
"Germany","total",2028-03-12,"2028-W10",10,2028,850,"2027/2028"
"Germany","total",2028-03-19,"2028-W11",11,2028,753,"2027/2028"
"Germany","total",2028-03-26,"2028-W12",12,2028,661,"2027/2028"
"Germany","total",2028-04-02,"2028-W13",13,2028,617,"2027/2028"
"Germany","total",2028-04-09,"2028-W14",14,2028,466,"2027/2028"
"Germany","total",2028-04-16,"2028-W15",15,2028,391,"2027/2028"
"Germany","total",2028-04-23,"2028-W16",16,2028,386,"2027/2028"
"Germany","total",2028-04-30,"2028-W17",17,2028,293,"2027/2028"
"Germany","total",2028-05-07,"2028-W18",18,2028,287,"2027/2028"
"Germany","total",2028-05-14,"2028-W19",19,2028,205,"2027/2028"
"Germany","total",2028-05-21,"2028-W20",20,2028,223,"2027/2028"
"Germany","total",2028-05-28,"2028-W21",21,2028,174,"2027/2028"
"Germany","total",2028-06-04,"2028-W22",22,2028,146,"2027/2028"
"Germany","total",2028-06-11,"2028-W23",23,2028,122,"2027/2028"
"Germany","total",2028-06-18,"2028-W24",24,2028,121,"2027/2028"
"Germany","total",2028-06-25,"2028-W25",25,2028,110,"2027/2028"
"Germany","total",2028-07-02,"2028-W26",26,2028,103,"2027/2028"
"Germany","total",2028-07-09,"2028-W27",27,2028,88,"2027/2028"
"Germany","total",2028-07-16,"2028-W28",28,2028,120,"2027/2028"
"Germany","total",2028-07-23,"2028-W29",29,2028,97,"2027/2028"
"Germany","total",2028-07-30,"2028-W30",30,2028,92,"2027/2028"
"Germany","total",2028-08-06,"2028-W31",31,2028,101,"2027/2028"
"Germany","total",2028-08-13,"2028-W32",32,2028,93,"2027/2028"
"Germany","total",2028-08-20,"2028-W33",33,2028,96,"2027/2028"
"Germany","total",2028-08-27,"2028-W34",34,2028,85,"2027/2028"
"Greece","total",2026-09-06,"2026-W36",36,2026,18,"2026/2027"
"Greece","total",2026-09-13,"2026-W37",37,2026,17,"2026/2027"
"Greece","total",2026-09-20,"2026-W38",38,2026,26,"2026/2027"
"Greece","total",2026-09-27,"2026-W39",39,2026,31,"2026/2027"
"Greece","total",2026-10-04,"2026-W40",40,2026,38,"2026/2027"
"Greece","total",2026-10-11,"2026-W41",41,2026,65,"2026/2027"
"Greece","total",2026-10-18,"2026-W42",42,2026,92,"2026/2027"
"Greece","total",2026-10-25,"2026-W43",43,2026,162,"2026/2027"
"Greece","total",2026-11-01,"2026-W44",44,2026,224,"2026/2027"
"Greece","total",2026-11-08,"2026-W45",45,2026,311,"2026/2027"
"Greece","total",2026-11-15,"2026-W46",46,2026,382,"2026/2027"
"Greece","total",2026-11-22,"2026-W47",47,2026,471,"2026/2027"
"Greece","total",2026-11-29,"2026-W48",48,2026,579,"2026/2027"
"Greece","total",2026-12-06,"2026-W49",49,2026,582,"2026/2027"
"Greece","total",2026-12-13,"2026-W50",50,2026,589,"2026/2027"
"Greece","total",2026-12-20,"2026-W51",51,2026,528,"2026/2027"
"Greece","total",2026-12-27,"2026-W52",52,2026,509,"2026/2027"
"Greece","total",2027-01-03,"2026-W53",53,2026,523,"2026/2027"
"Greece","total",2027-01-10,"2027-W01",1,2027,432,"2026/2027"
"Greece","total",2027-01-17,"2027-W02",2,2027,344,"2026/2027"
"Greece","total",2027-01-24,"2027-W03",3,2027,277,"2026/2027"
"Greece","total",2027-01-31,"2027-W04",4,2027,217,"2026/2027"
"Greece","total",2027-02-07,"2027-W05",5,2027,196,"2026/2027"
"Greece","total",2027-02-14,"2027-W06",6,2027,166,"2026/2027"
"Greece","total",2027-02-21,"2027-W07",7,2027,156,"2026/2027"
"Greece","total",2027-02-28,"2027-W08",8,2027,140,"2026/2027"
"Greece","total",2027-03-07,"2027-W09",9,2027,115,"2026/2027"
"Greece","total",2027-03-14,"2027-W10",10,2027,109,"2026/2027"
"Greece","total",2027-03-21,"2027-W11",11,2027,106,"2026/2027"
"Greece","total",2027-03-28,"2027-W12",12,2027,84,"2026/2027"
"Greece","total",2027-04-04,"2027-W13",13,2027,63,"2026/2027"
"Greece","total",2027-04-11,"2027-W14",14,2027,62,"2026/2027"
"Greece","total",2027-04-18,"2027-W15",15,2027,52,"2026/2027"
"Greece","total",2027-04-25,"2027-W16",16,2027,45,"2026/2027"
"Greece","total",2027-05-02,"2027-W17",17,2027,40,"2026/2027"
"Greece","total",2027-05-09,"2027-W18",18,2027,39,"2026/2027"
"Greece","total",2027-05-16,"2027-W19",19,2027,27,"2026/2027"
"Greece","total",2027-05-23,"2027-W20",20,2027,19,"2026/2027"
"Greece","total",2027-05-30,"2027-W21",21,2027,15,"2026/2027"
"Greece","total",2027-06-06,"2027-W22",22,2027,25,"2026/2027"
"Greece","total",2027-06-13,"2027-W23",23,2027,20,"2026/2027"
"Greece","total",2027-06-20,"2027-W24",24,2027,19,"2026/2027"
"Greece","total",2027-06-27,"2027-W25",25,2027,15,"2026/2027"
"Greece","total",2027-07-04,"2027-W26",26,2027,10,"2026/2027"
"Greece","total",2027-07-11,"2027-W27",27,2027,15,"2026/2027"
"Greece","total",2027-07-18,"2027-W28",28,2027,10,"2026/2027"
"Greece","total",2027-07-25,"2027-W29",29,2027,9,"2026/2027"
"Greece","total",2027-08-01,"2027-W30",30,2027,17,"2026/2027"
"Greece","total",2027-08-08,"2027-W31",31,2027,15,"2026/2027"
"Greece","total",2027-08-15,"2027-W32",32,2027,11,"2026/2027"
"Greece","total",2027-08-22,"2027-W33",33,2027,9,"2026/2027"
"Greece","total",2027-08-29,"2027-W34",34,2027,21,"2026/2027"
"Greece","total",2027-09-05,"2027-W35",35,2027,18,"2027/2028"
"Greece","total",2027-09-12,"2027-W36",36,2027,17,"2027/2028"
"Greece","total",2027-09-19,"2027-W37",37,2027,26,"2027/2028"
"Greece","total",2027-09-26,"2027-W38",38,2027,31,"2027/2028"
"Greece","total",2027-10-03,"2027-W39",39,2027,38,"2027/2028"
"Greece","total",2027-10-10,"2027-W40",40,2027,65,"2027/2028"
"Greece","total",2027-10-17,"2027-W41",41,2027,92,"2027/2028"
"Greece","total",2027-10-24,"2027-W42",42,2027,162,"2027/2028"
"Greece","total",2027-10-31,"2027-W43",43,2027,224,"2027/2028"
"Greece","total",2027-11-07,"2027-W44",44,2027,311,"2027/2028"
"Greece","total",2027-11-14,"2027-W45",45,2027,382,"2027/2028"
"Greece","total",2027-11-21,"2027-W46",46,2027,471,"2027/2028"
"Greece","total",2027-11-28,"2027-W47",47,2027,579,"2027/2028"
"Greece","total",2027-12-05,"2027-W48",48,2027,582,"2027/2028"
"Greece","total",2027-12-12,"2027-W49",49,2027,589,"2027/2028"
"Greece","total",2027-12-19,"2027-W50",50,2027,528,"2027/2028"
"Greece","total",2027-12-26,"2027-W51",51,2027,509,"2027/2028"
"Greece","total",2028-01-02,"2027-W52",52,2027,523,"2027/2028"
"Greece","total",2028-01-09,"2028-W01",1,2028,432,"2027/2028"
"Greece","total",2028-01-16,"2028-W02",2,2028,344,"2027/2028"
"Greece","total",2028-01-23,"2028-W03",3,2028,277,"2027/2028"
"Greece","total",2028-01-30,"2028-W04",4,2028,217,"2027/2028"
"Greece","total",2028-02-06,"2028-W05",5,2028,196,"2027/2028"
"Greece","total",2028-02-13,"2028-W06",6,2028,166,"2027/2028"
"Greece","total",2028-02-20,"2028-W07",7,2028,156,"2027/2028"
"Greece","total",2028-02-27,"2028-W08",8,2028,140,"2027/2028"
"Greece","total",2028-03-05,"2028-W09",9,2028,115,"2027/2028"
"Greece","total",2028-03-12,"2028-W10",10,2028,109,"2027/2028"
"Greece","total",2028-03-19,"2028-W11",11,2028,106,"2027/2028"
"Greece","total",2028-03-26,"2028-W12",12,2028,84,"2027/2028"
"Greece","total",2028-04-02,"2028-W13",13,2028,63,"2027/2028"
"Greece","total",2028-04-09,"2028-W14",14,2028,62,"2027/2028"
"Greece","total",2028-04-16,"2028-W15",15,2028,52,"2027/2028"
"Greece","total",2028-04-23,"2028-W16",16,2028,45,"2027/2028"
"Greece","total",2028-04-30,"2028-W17",17,2028,40,"2027/2028"
"Greece","total",2028-05-07,"2028-W18",18,2028,39,"2027/2028"
"Greece","total",2028-05-14,"2028-W19",19,2028,27,"2027/2028"
"Greece","total",2028-05-21,"2028-W20",20,2028,19,"2027/2028"
"Greece","total",2028-05-28,"2028-W21",21,2028,15,"2027/2028"
"Greece","total",2028-06-04,"2028-W22",22,2028,25,"2027/2028"
"Greece","total",2028-06-11,"2028-W23",23,2028,20,"2027/2028"
"Greece","total",2028-06-18,"2028-W24",24,2028,19,"2027/2028"
"Greece","total",2028-06-25,"2028-W25",25,2028,15,"2027/2028"
"Greece","total",2028-07-02,"2028-W26",26,2028,10,"2027/2028"
"Greece","total",2028-07-09,"2028-W27",27,2028,15,"2027/2028"
"Greece","total",2028-07-16,"2028-W28",28,2028,10,"2027/2028"
"Greece","total",2028-07-23,"2028-W29",29,2028,9,"2027/2028"
"Greece","total",2028-07-30,"2028-W30",30,2028,17,"2027/2028"
"Greece","total",2028-08-06,"2028-W31",31,2028,15,"2027/2028"
"Greece","total",2028-08-13,"2028-W32",32,2028,11,"2027/2028"
"Greece","total",2028-08-20,"2028-W33",33,2028,9,"2027/2028"
"Greece","total",2028-08-27,"2028-W34",34,2028,21,"2027/2028"
"Hungary","total",2026-09-06,"2026-W36",36,2026,8,"2026/2027"
"Hungary","total",2026-09-13,"2026-W37",37,2026,19,"2026/2027"
"Hungary","total",2026-09-20,"2026-W38",38,2026,20,"2026/2027"
"Hungary","total",2026-09-27,"2026-W39",39,2026,28,"2026/2027"
"Hungary","total",2026-10-04,"2026-W40",40,2026,35,"2026/2027"
"Hungary","total",2026-10-11,"2026-W41",41,2026,72,"2026/2027"
"Hungary","total",2026-10-18,"2026-W42",42,2026,94,"2026/2027"
"Hungary","total",2026-10-25,"2026-W43",43,2026,148,"2026/2027"
"Hungary","total",2026-11-01,"2026-W44",44,2026,228,"2026/2027"
"Hungary","total",2026-11-08,"2026-W45",45,2026,274,"2026/2027"
"Hungary","total",2026-11-15,"2026-W46",46,2026,351,"2026/2027"
"Hungary","total",2026-11-22,"2026-W47",47,2026,439,"2026/2027"
"Hungary","total",2026-11-29,"2026-W48",48,2026,547,"2026/2027"
"Hungary","total",2026-12-06,"2026-W49",49,2026,552,"2026/2027"
"Hungary","total",2026-12-13,"2026-W50",50,2026,565,"2026/2027"
"Hungary","total",2026-12-20,"2026-W51",51,2026,492,"2026/2027"
"Hungary","total",2026-12-27,"2026-W52",52,2026,441,"2026/2027"
"Hungary","total",2027-01-03,"2026-W53",53,2026,463,"2026/2027"
"Hungary","total",2027-01-10,"2027-W01",1,2027,392,"2026/2027"
"Hungary","total",2027-01-17,"2027-W02",2,2027,304,"2026/2027"
"Hungary","total",2027-01-24,"2027-W03",3,2027,229,"2026/2027"
"Hungary","total",2027-01-31,"2027-W04",4,2027,231,"2026/2027"
"Hungary","total",2027-02-07,"2027-W05",5,2027,194,"2026/2027"
"Hungary","total",2027-02-14,"2027-W06",6,2027,165,"2026/2027"
"Hungary","total",2027-02-21,"2027-W07",7,2027,135,"2026/2027"
"Hungary","total",2027-02-28,"2027-W08",8,2027,148,"2026/2027"
"Hungary","total",2027-03-07,"2027-W09",9,2027,123,"2026/2027"
"Hungary","total",2027-03-14,"2027-W10",10,2027,98,"2026/2027"
"Hungary","total",2027-03-21,"2027-W11",11,2027,75,"2026/2027"
"Hungary","total",2027-03-28,"2027-W12",12,2027,81,"2026/2027"
"Hungary","total",2027-04-04,"2027-W13",13,2027,78,"2026/2027"
"Hungary","total",2027-04-11,"2027-W14",14,2027,51,"2026/2027"
"Hungary","total",2027-04-18,"2027-W15",15,2027,45,"2026/2027"
"Hungary","total",2027-04-25,"2027-W16",16,2027,51,"2026/2027"
"Hungary","total",2027-05-02,"2027-W17",17,2027,45,"2026/2027"
"Hungary","total",2027-05-09,"2027-W18",18,2027,38,"2026/2027"
"Hungary","total",2027-05-16,"2027-W19",19,2027,24,"2026/2027"
"Hungary","total",2027-05-23,"2027-W20",20,2027,29,"2026/2027"
"Hungary","total",2027-05-30,"2027-W21",21,2027,18,"2026/2027"
"Hungary","total",2027-06-06,"2027-W22",22,2027,11,"2026/2027"
"Hungary","total",2027-06-13,"2027-W23",23,2027,20,"2026/2027"
"Hungary","total",2027-06-20,"2027-W24",24,2027,12,"2026/2027"
"Hungary","total",2027-06-27,"2027-W25",25,2027,10,"2026/2027"
"Hungary","total",2027-07-04,"2027-W26",26,2027,15,"2026/2027"
"Hungary","total",2027-07-11,"2027-W27",27,2027,15,"2026/2027"
"Hungary","total",2027-07-18,"2027-W28",28,2027,13,"2026/2027"
"Hungary","total",2027-07-25,"2027-W29",29,2027,11,"2026/2027"
"Hungary","total",2027-08-01,"2027-W30",30,2027,19,"2026/2027"
"Hungary","total",2027-08-08,"2027-W31",31,2027,11,"2026/2027"
"Hungary","total",2027-08-15,"2027-W32",32,2027,7,"2026/2027"
"Hungary","total",2027-08-22,"2027-W33",33,2027,12,"2026/2027"
"Hungary","total",2027-08-29,"2027-W34",34,2027,8,"2026/2027"
"Hungary","total",2027-09-05,"2027-W35",35,2027,8,"2027/2028"
"Hungary","total",2027-09-12,"2027-W36",36,2027,19,"2027/2028"
"Hungary","total",2027-09-19,"2027-W37",37,2027,20,"2027/2028"
"Hungary","total",2027-09-26,"2027-W38",38,2027,28,"2027/2028"
"Hungary","total",2027-10-03,"2027-W39",39,2027,35,"2027/2028"
"Hungary","total",2027-10-10,"2027-W40",40,2027,72,"2027/2028"
"Hungary","total",2027-10-17,"2027-W41",41,2027,94,"2027/2028"
"Hungary","total",2027-10-24,"2027-W42",42,2027,148,"2027/2028"
"Hungary","total",2027-10-31,"2027-W43",43,2027,228,"2027/2028"
"Hungary","total",2027-11-07,"2027-W44",44,2027,274,"2027/2028"
"Hungary","total",2027-11-14,"2027-W45",45,2027,351,"2027/2028"
"Hungary","total",2027-11-21,"2027-W46",46,2027,439,"2027/2028"
"Hungary","total",2027-11-28,"2027-W47",47,2027,547,"2027/2028"
"Hungary","total",2027-12-05,"2027-W48",48,2027,552,"2027/2028"
"Hungary","total",2027-12-12,"2027-W49",49,2027,565,"2027/2028"
"Hungary","total",2027-12-19,"2027-W50",50,2027,492,"2027/2028"
"Hungary","total",2027-12-26,"2027-W51",51,2027,441,"2027/2028"
"Hungary","total",2028-01-02,"2027-W52",52,2027,463,"2027/2028"
"Hungary","total",2028-01-09,"2028-W01",1,2028,392,"2027/2028"
"Hungary","total",2028-01-16,"2028-W02",2,2028,304,"2027/2028"
"Hungary","total",2028-01-23,"2028-W03",3,2028,229,"2027/2028"
"Hungary","total",2028-01-30,"2028-W04",4,2028,231,"2027/2028"
"Hungary","total",2028-02-06,"2028-W05",5,2028,194,"2027/2028"
"Hungary","total",2028-02-13,"2028-W06",6,2028,165,"2027/2028"
"Hungary","total",2028-02-20,"2028-W07",7,2028,135,"2027/2028"
"Hungary","total",2028-02-27,"2028-W08",8,2028,148,"2027/2028"
"Hungary","total",2028-03-05,"2028-W09",9,2028,123,"2027/2028"
"Hungary","total",2028-03-12,"2028-W10",10,2028,98,"2027/2028"
"Hungary","total",2028-03-19,"2028-W11",11,2028,75,"2027/2028"
"Hungary","total",2028-03-26,"2028-W12",12,2028,81,"2027/2028"
"Hungary","total",2028-04-02,"2028-W13",13,2028,78,"2027/2028"
"Hungary","total",2028-04-09,"2028-W14",14,2028,51,"2027/2028"
"Hungary","total",2028-04-16,"2028-W15",15,2028,45,"2027/2028"
"Hungary","total",2028-04-23,"2028-W16",16,2028,51,"2027/2028"
"Hungary","total",2028-04-30,"2028-W17",17,2028,45,"2027/2028"
"Hungary","total",2028-05-07,"2028-W18",18,2028,38,"2027/2028"
"Hungary","total",2028-05-14,"2028-W19",19,2028,24,"2027/2028"
"Hungary","total",2028-05-21,"2028-W20",20,2028,29,"2027/2028"
"Hungary","total",2028-05-28,"2028-W21",21,2028,18,"2027/2028"
"Hungary","total",2028-06-04,"2028-W22",22,2028,11,"2027/2028"
"Hungary","total",2028-06-11,"2028-W23",23,2028,20,"2027/2028"
"Hungary","total",2028-06-18,"2028-W24",24,2028,12,"2027/2028"
"Hungary","total",2028-06-25,"2028-W25",25,2028,10,"2027/2028"
"Hungary","total",2028-07-02,"2028-W26",26,2028,15,"2027/2028"
"Hungary","total",2028-07-09,"2028-W27",27,2028,15,"2027/2028"
"Hungary","total",2028-07-16,"2028-W28",28,2028,13,"2027/2028"
"Hungary","total",2028-07-23,"2028-W29",29,2028,11,"2027/2028"
"Hungary","total",2028-07-30,"2028-W30",30,2028,19,"2027/2028"
"Hungary","total",2028-08-06,"2028-W31",31,2028,11,"2027/2028"
"Hungary","total",2028-08-13,"2028-W32",32,2028,7,"2027/2028"
"Hungary","total",2028-08-20,"2028-W33",33,2028,12,"2027/2028"
"Hungary","total",2028-08-27,"2028-W34",34,2028,8,"2027/2028"
"Ireland","total",2026-09-06,"2026-W36",36,2026,10,"2026/2027"
"Ireland","total",2026-09-13,"2026-W37",37,2026,6,"2026/2027"
"Ireland","total",2026-09-20,"2026-W38",38,2026,10,"2026/2027"
"Ireland","total",2026-09-27,"2026-W39",39,2026,16,"2026/2027"
"Ireland","total",2026-10-04,"2026-W40",40,2026,26,"2026/2027"
"Ireland","total",2026-10-11,"2026-W41",41,2026,44,"2026/2027"
"Ireland","total",2026-10-18,"2026-W42",42,2026,64,"2026/2027"
"Ireland","total",2026-10-25,"2026-W43",43,2026,98,"2026/2027"
"Ireland","total",2026-11-01,"2026-W44",44,2026,165,"2026/2027"
"Ireland","total",2026-11-08,"2026-W45",45,2026,203,"2026/2027"
"Ireland","total",2026-11-15,"2026-W46",46,2026,264,"2026/2027"
"Ireland","total",2026-11-22,"2026-W47",47,2026,310,"2026/2027"
"Ireland","total",2026-11-29,"2026-W48",48,2026,365,"2026/2027"
"Ireland","total",2026-12-06,"2026-W49",49,2026,391,"2026/2027"
"Ireland","total",2026-12-13,"2026-W50",50,2026,359,"2026/2027"
"Ireland","total",2026-12-20,"2026-W51",51,2026,357,"2026/2027"
"Ireland","total",2026-12-27,"2026-W52",52,2026,334,"2026/2027"
"Ireland","total",2027-01-03,"2026-W53",53,2026,322,"2026/2027"
"Ireland","total",2027-01-10,"2027-W01",1,2027,260,"2026/2027"
"Ireland","total",2027-01-17,"2027-W02",2,2027,216,"2026/2027"
"Ireland","total",2027-01-24,"2027-W03",3,2027,170,"2026/2027"
"Ireland","total",2027-01-31,"2027-W04",4,2027,162,"2026/2027"
"Ireland","total",2027-02-07,"2027-W05",5,2027,151,"2026/2027"
"Ireland","total",2027-02-14,"2027-W06",6,2027,117,"2026/2027"
"Ireland","total",2027-02-21,"2027-W07",7,2027,90,"2026/2027"
"Ireland","total",2027-02-28,"2027-W08",8,2027,106,"2026/2027"
"Ireland","total",2027-03-07,"2027-W09",9,2027,100,"2026/2027"
"Ireland","total",2027-03-14,"2027-W10",10,2027,66,"2026/2027"
"Ireland","total",2027-03-21,"2027-W11",11,2027,71,"2026/2027"
"Ireland","total",2027-03-28,"2027-W12",12,2027,44,"2026/2027"
"Ireland","total",2027-04-04,"2027-W13",13,2027,46,"2026/2027"
"Ireland","total",2027-04-11,"2027-W14",14,2027,34,"2026/2027"
"Ireland","total",2027-04-18,"2027-W15",15,2027,40,"2026/2027"
"Ireland","total",2027-04-25,"2027-W16",16,2027,34,"2026/2027"
"Ireland","total",2027-05-02,"2027-W17",17,2027,23,"2026/2027"
"Ireland","total",2027-05-09,"2027-W18",18,2027,18,"2026/2027"
"Ireland","total",2027-05-16,"2027-W19",19,2027,18,"2026/2027"
"Ireland","total",2027-05-23,"2027-W20",20,2027,10,"2026/2027"
"Ireland","total",2027-05-30,"2027-W21",21,2027,19,"2026/2027"
"Ireland","total",2027-06-06,"2027-W22",22,2027,8,"2026/2027"
"Ireland","total",2027-06-13,"2027-W23",23,2027,17,"2026/2027"
"Ireland","total",2027-06-20,"2027-W24",24,2027,7,"2026/2027"
"Ireland","total",2027-06-27,"2027-W25",25,2027,7,"2026/2027"
"Ireland","total",2027-07-04,"2027-W26",26,2027,17,"2026/2027"
"Ireland","total",2027-07-11,"2027-W27",27,2027,12,"2026/2027"
"Ireland","total",2027-07-18,"2027-W28",28,2027,12,"2026/2027"
"Ireland","total",2027-07-25,"2027-W29",29,2027,10,"2026/2027"
"Ireland","total",2027-08-01,"2027-W30",30,2027,9,"2026/2027"
"Ireland","total",2027-08-08,"2027-W31",31,2027,6,"2026/2027"
"Ireland","total",2027-08-15,"2027-W32",32,2027,6,"2026/2027"
"Ireland","total",2027-08-22,"2027-W33",33,2027,7,"2026/2027"
"Ireland","total",2027-08-29,"2027-W34",34,2027,8,"2026/2027"
"Ireland","total",2027-09-05,"2027-W35",35,2027,10,"2027/2028"
"Ireland","total",2027-09-12,"2027-W36",36,2027,6,"2027/2028"
"Ireland","total",2027-09-19,"2027-W37",37,2027,10,"2027/2028"
"Ireland","total",2027-09-26,"2027-W38",38,2027,16,"2027/2028"
"Ireland","total",2027-10-03,"2027-W39",39,2027,26,"2027/2028"
"Ireland","total",2027-10-10,"2027-W40",40,2027,44,"2027/2028"
"Ireland","total",2027-10-17,"2027-W41",41,2027,64,"2027/2028"
"Ireland","total",2027-10-24,"2027-W42",42,2027,98,"2027/2028"
"Ireland","total",2027-10-31,"2027-W43",43,2027,165,"2027/2028"
"Ireland","total",2027-11-07,"2027-W44",44,2027,203,"2027/2028"
"Ireland","total",2027-11-14,"2027-W45",45,2027,264,"2027/2028"
"Ireland","total",2027-11-21,"2027-W46",46,2027,310,"2027/2028"
"Ireland","total",2027-11-28,"2027-W47",47,2027,365,"2027/2028"
"Ireland","total",2027-12-05,"2027-W48",48,2027,391,"2027/2028"
"Ireland","total",2027-12-12,"2027-W49",49,2027,359,"2027/2028"
"Ireland","total",2027-12-19,"2027-W50",50,2027,357,"2027/2028"
"Ireland","total",2027-12-26,"2027-W51",51,2027,334,"2027/2028"
"Ireland","total",2028-01-02,"2027-W52",52,2027,322,"2027/2028"
"Ireland","total",2028-01-09,"2028-W01",1,2028,260,"2027/2028"
"Ireland","total",2028-01-16,"2028-W02",2,2028,216,"2027/2028"
"Ireland","total",2028-01-23,"2028-W03",3,2028,170,"2027/2028"
"Ireland","total",2028-01-30,"2028-W04",4,2028,162,"2027/2028"
"Ireland","total",2028-02-06,"2028-W05",5,2028,151,"2027/2028"
"Ireland","total",2028-02-13,"2028-W06",6,2028,117,"2027/2028"
"Ireland","total",2028-02-20,"2028-W07",7,2028,90,"2027/2028"
"Ireland","total",2028-02-27,"2028-W08",8,2028,106,"2027/2028"
"Ireland","total",2028-03-05,"2028-W09",9,2028,100,"2027/2028"
"Ireland","total",2028-03-12,"2028-W10",10,2028,66,"2027/2028"
"Ireland","total",2028-03-19,"2028-W11",11,2028,71,"2027/2028"
"Ireland","total",2028-03-26,"2028-W12",12,2028,44,"2027/2028"
"Ireland","total",2028-04-02,"2028-W13",13,2028,46,"2027/2028"
"Ireland","total",2028-04-09,"2028-W14",14,2028,34,"2027/2028"
"Ireland","total",2028-04-16,"2028-W15",15,2028,40,"2027/2028"
"Ireland","total",2028-04-23,"2028-W16",16,2028,34,"2027/2028"
"Ireland","total",2028-04-30,"2028-W17",17,2028,23,"2027/2028"
"Ireland","total",2028-05-07,"2028-W18",18,2028,18,"2027/2028"
"Ireland","total",2028-05-14,"2028-W19",19,2028,18,"2027/2028"
"Ireland","total",2028-05-21,"2028-W20",20,2028,10,"2027/2028"
"Ireland","total",2028-05-28,"2028-W21",21,2028,19,"2027/2028"
"Ireland","total",2028-06-04,"2028-W22",22,2028,8,"2027/2028"
"Ireland","total",2028-06-11,"2028-W23",23,2028,17,"2027/2028"
"Ireland","total",2028-06-18,"2028-W24",24,2028,7,"2027/2028"
"Ireland","total",2028-06-25,"2028-W25",25,2028,7,"2027/2028"
"Ireland","total",2028-07-02,"2028-W26",26,2028,17,"2027/2028"
"Ireland","total",2028-07-09,"2028-W27",27,2028,12,"2027/2028"
"Ireland","total",2028-07-16,"2028-W28",28,2028,12,"2027/2028"
"Ireland","total",2028-07-23,"2028-W29",29,2028,10,"2027/2028"
"Ireland","total",2028-07-30,"2028-W30",30,2028,9,"2027/2028"
"Ireland","total",2028-08-06,"2028-W31",31,2028,6,"2027/2028"
"Ireland","total",2028-08-13,"2028-W32",32,2028,6,"2027/2028"
"Ireland","total",2028-08-20,"2028-W33",33,2028,7,"2027/2028"
"Ireland","total",2028-08-27,"2028-W34",34,2028,8,"2027/2028"
"Italy","total",2026-09-06,"2026-W36",36,2026,73,"2026/2027"
"Italy","total",2026-09-13,"2026-W37",37,2026,82,"2026/2027"
"Italy","total",2026-09-20,"2026-W38",38,2026,100,"2026/2027"
"Italy","total",2026-09-27,"2026-W39",39,2026,143,"2026/2027"
"Italy","total",2026-10-04,"2026-W40",40,2026,207,"2026/2027"
"Italy","total",2026-10-11,"2026-W41",41,2026,392,"2026/2027"
"Italy","total",2026-10-18,"2026-W42",42,2026,571,"2026/2027"
"Italy","total",2026-10-25,"2026-W43",43,2026,916,"2026/2027"
"Italy","total",2026-11-01,"2026-W44",44,2026,1171,"2026/2027"
"Italy","total",2026-11-08,"2026-W45",45,2026,1627,"2026/2027"
"Italy","total",2026-11-15,"2026-W46",46,2026,2105,"2026/2027"
"Italy","total",2026-11-22,"2026-W47",47,2026,2418,"2026/2027"
"Italy","total",2026-11-29,"2026-W48",48,2026,2875,"2026/2027"
"Italy","total",2026-12-06,"2026-W49",49,2026,2955,"2026/2027"
"Italy","total",2026-12-13,"2026-W50",50,2026,3152,"2026/2027"
"Italy","total",2026-12-20,"2026-W51",51,2026,2912,"2026/2027"
"Italy","total",2026-12-27,"2026-W52",52,2026,2557,"2026/2027"
"Italy","total",2027-01-03,"2026-W53",53,2026,2406,"2026/2027"
"Italy","total",2027-01-10,"2027-W01",1,2027,2259,"2026/2027"
"Italy","total",2027-01-17,"2027-W02",2,2027,1811,"2026/2027"
"Italy","total",2027-01-24,"2027-W03",3,2027,1333,"2026/2027"
"Italy","total",2027-01-31,"2027-W04",4,2027,1224,"2026/2027"
"Italy","total",2027-02-07,"2027-W05",5,2027,1042,"2026/2027"
"Italy","total",2027-02-14,"2027-W06",6,2027,964,"2026/2027"
"Italy","total",2027-02-21,"2027-W07",7,2027,793,"2026/2027"
"Italy","total",2027-02-28,"2027-W08",8,2027,822,"2026/2027"
"Italy","total",2027-03-07,"2027-W09",9,2027,648,"2026/2027"
"Italy","total",2027-03-14,"2027-W10",10,2027,581,"2026/2027"
"Italy","total",2027-03-21,"2027-W11",11,2027,507,"2026/2027"
"Italy","total",2027-03-28,"2027-W12",12,2027,431,"2026/2027"
"Italy","total",2027-04-04,"2027-W13",13,2027,369,"2026/2027"
"Italy","total",2027-04-11,"2027-W14",14,2027,335,"2026/2027"
"Italy","total",2027-04-18,"2027-W15",15,2027,249,"2026/2027"
"Italy","total",2027-04-25,"2027-W16",16,2027,255,"2026/2027"
"Italy","total",2027-05-02,"2027-W17",17,2027,200,"2026/2027"
"Italy","total",2027-05-09,"2027-W18",18,2027,203,"2026/2027"
"Italy","total",2027-05-16,"2027-W19",19,2027,159,"2026/2027"
"Italy","total",2027-05-23,"2027-W20",20,2027,140,"2026/2027"
"Italy","total",2027-05-30,"2027-W21",21,2027,113,"2026/2027"
"Italy","total",2027-06-06,"2027-W22",22,2027,89,"2026/2027"
"Italy","total",2027-06-13,"2027-W23",23,2027,99,"2026/2027"
"Italy","total",2027-06-20,"2027-W24",24,2027,71,"2026/2027"
"Italy","total",2027-06-27,"2027-W25",25,2027,63,"2026/2027"
"Italy","total",2027-07-04,"2027-W26",26,2027,76,"2026/2027"
"Italy","total",2027-07-11,"2027-W27",27,2027,64,"2026/2027"
"Italy","total",2027-07-18,"2027-W28",28,2027,63,"2026/2027"
"Italy","total",2027-07-25,"2027-W29",29,2027,67,"2026/2027"
"Italy","total",2027-08-01,"2027-W30",30,2027,65,"2026/2027"
"Italy","total",2027-08-08,"2027-W31",31,2027,67,"2026/2027"
"Italy","total",2027-08-15,"2027-W32",32,2027,55,"2026/2027"
"Italy","total",2027-08-22,"2027-W33",33,2027,62,"2026/2027"
"Italy","total",2027-08-29,"2027-W34",34,2027,56,"2026/2027"
"Italy","total",2027-09-05,"2027-W35",35,2027,73,"2027/2028"
"Italy","total",2027-09-12,"2027-W36",36,2027,82,"2027/2028"
"Italy","total",2027-09-19,"2027-W37",37,2027,100,"2027/2028"
"Italy","total",2027-09-26,"2027-W38",38,2027,143,"2027/2028"
"Italy","total",2027-10-03,"2027-W39",39,2027,207,"2027/2028"
"Italy","total",2027-10-10,"2027-W40",40,2027,392,"2027/2028"
"Italy","total",2027-10-17,"2027-W41",41,2027,571,"2027/2028"
"Italy","total",2027-10-24,"2027-W42",42,2027,916,"2027/2028"
"Italy","total",2027-10-31,"2027-W43",43,2027,1171,"2027/2028"
"Italy","total",2027-11-07,"2027-W44",44,2027,1627,"2027/2028"
"Italy","total",2027-11-14,"2027-W45",45,2027,2105,"2027/2028"
"Italy","total",2027-11-21,"2027-W46",46,2027,2418,"2027/2028"
"Italy","total",2027-11-28,"2027-W47",47,2027,2875,"2027/2028"
"Italy","total",2027-12-05,"2027-W48",48,2027,2955,"2027/2028"
"Italy","total",2027-12-12,"2027-W49",49,2027,3152,"2027/2028"
"Italy","total",2027-12-19,"2027-W50",50,2027,2912,"2027/2028"
"Italy","total",2027-12-26,"2027-W51",51,2027,2557,"2027/2028"
"Italy","total",2028-01-02,"2027-W52",52,2027,2406,"2027/2028"
"Italy","total",2028-01-09,"2028-W01",1,2028,2259,"2027/2028"
"Italy","total",2028-01-16,"2028-W02",2,2028,1811,"2027/2028"
"Italy","total",2028-01-23,"2028-W03",3,2028,1333,"2027/2028"
"Italy","total",2028-01-30,"2028-W04",4,2028,1224,"2027/2028"
"Italy","total",2028-02-06,"2028-W05",5,2028,1042,"2027/2028"
"Italy","total",2028-02-13,"2028-W06",6,2028,964,"2027/2028"
"Italy","total",2028-02-20,"2028-W07",7,2028,793,"2027/2028"
"Italy","total",2028-02-27,"2028-W08",8,2028,822,"2027/2028"
"Italy","total",2028-03-05,"2028-W09",9,2028,648,"2027/2028"
"Italy","total",2028-03-12,"2028-W10",10,2028,581,"2027/2028"
"Italy","total",2028-03-19,"2028-W11",11,2028,507,"2027/2028"
"Italy","total",2028-03-26,"2028-W12",12,2028,431,"2027/2028"
"Italy","total",2028-04-02,"2028-W13",13,2028,369,"2027/2028"
"Italy","total",2028-04-09,"2028-W14",14,2028,335,"2027/2028"
"Italy","total",2028-04-16,"2028-W15",15,2028,249,"2027/2028"
"Italy","total",2028-04-23,"2028-W16",16,2028,255,"2027/2028"
"Italy","total",2028-04-30,"2028-W17",17,2028,200,"2027/2028"
"Italy","total",2028-05-07,"2028-W18",18,2028,203,"2027/2028"
"Italy","total",2028-05-14,"2028-W19",19,2028,159,"2027/2028"
"Italy","total",2028-05-21,"2028-W20",20,2028,140,"2027/2028"
"Italy","total",2028-05-28,"2028-W21",21,2028,113,"2027/2028"
"Italy","total",2028-06-04,"2028-W22",22,2028,89,"2027/2028"
"Italy","total",2028-06-11,"2028-W23",23,2028,99,"2027/2028"
"Italy","total",2028-06-18,"2028-W24",24,2028,71,"2027/2028"
"Italy","total",2028-06-25,"2028-W25",25,2028,63,"2027/2028"
"Italy","total",2028-07-02,"2028-W26",26,2028,76,"2027/2028"
"Italy","total",2028-07-09,"2028-W27",27,2028,64,"2027/2028"
"Italy","total",2028-07-16,"2028-W28",28,2028,63,"2027/2028"
"Italy","total",2028-07-23,"2028-W29",29,2028,67,"2027/2028"
"Italy","total",2028-07-30,"2028-W30",30,2028,65,"2027/2028"
"Italy","total",2028-08-06,"2028-W31",31,2028,67,"2027/2028"
"Italy","total",2028-08-13,"2028-W32",32,2028,55,"2027/2028"
"Italy","total",2028-08-20,"2028-W33",33,2028,62,"2027/2028"
"Italy","total",2028-08-27,"2028-W34",34,2028,56,"2027/2028"
"Latvia","total",2026-09-06,"2026-W36",36,2026,4,"2026/2027"
"Latvia","total",2026-09-13,"2026-W37",37,2026,3,"2026/2027"
"Latvia","total",2026-09-20,"2026-W38",38,2026,3,"2026/2027"
"Latvia","total",2026-09-27,"2026-W39",39,2026,4,"2026/2027"
"Latvia","total",2026-10-04,"2026-W40",40,2026,8,"2026/2027"
"Latvia","total",2026-10-11,"2026-W41",41,2026,15,"2026/2027"
"Latvia","total",2026-10-18,"2026-W42",42,2026,16,"2026/2027"
"Latvia","total",2026-10-25,"2026-W43",43,2026,19,"2026/2027"
"Latvia","total",2026-11-01,"2026-W44",44,2026,41,"2026/2027"
"Latvia","total",2026-11-08,"2026-W45",45,2026,51,"2026/2027"
"Latvia","total",2026-11-15,"2026-W46",46,2026,73,"2026/2027"
"Latvia","total",2026-11-22,"2026-W47",47,2026,77,"2026/2027"
"Latvia","total",2026-11-29,"2026-W48",48,2026,87,"2026/2027"
"Latvia","total",2026-12-06,"2026-W49",49,2026,94,"2026/2027"
"Latvia","total",2026-12-13,"2026-W50",50,2026,108,"2026/2027"
"Latvia","total",2026-12-20,"2026-W51",51,2026,90,"2026/2027"
"Latvia","total",2026-12-27,"2026-W52",52,2026,82,"2026/2027"
"Latvia","total",2027-01-03,"2026-W53",53,2026,98,"2026/2027"
"Latvia","total",2027-01-10,"2027-W01",1,2027,70,"2026/2027"
"Latvia","total",2027-01-17,"2027-W02",2,2027,62,"2026/2027"
"Latvia","total",2027-01-24,"2027-W03",3,2027,45,"2026/2027"
"Latvia","total",2027-01-31,"2027-W04",4,2027,39,"2026/2027"
"Latvia","total",2027-02-07,"2027-W05",5,2027,29,"2026/2027"
"Latvia","total",2027-02-14,"2027-W06",6,2027,25,"2026/2027"
"Latvia","total",2027-02-21,"2027-W07",7,2027,22,"2026/2027"
"Latvia","total",2027-02-28,"2027-W08",8,2027,26,"2026/2027"
"Latvia","total",2027-03-07,"2027-W09",9,2027,22,"2026/2027"
"Latvia","total",2027-03-14,"2027-W10",10,2027,18,"2026/2027"
"Latvia","total",2027-03-21,"2027-W11",11,2027,17,"2026/2027"
"Latvia","total",2027-03-28,"2027-W12",12,2027,14,"2026/2027"
"Latvia","total",2027-04-04,"2027-W13",13,2027,17,"2026/2027"
"Latvia","total",2027-04-11,"2027-W14",14,2027,17,"2026/2027"
"Latvia","total",2027-04-18,"2027-W15",15,2027,9,"2026/2027"
"Latvia","total",2027-04-25,"2027-W16",16,2027,10,"2026/2027"
"Latvia","total",2027-05-02,"2027-W17",17,2027,5,"2026/2027"
"Latvia","total",2027-05-09,"2027-W18",18,2027,7,"2026/2027"
"Latvia","total",2027-05-16,"2027-W19",19,2027,7,"2026/2027"
"Latvia","total",2027-05-23,"2027-W20",20,2027,3,"2026/2027"
"Latvia","total",2027-05-30,"2027-W21",21,2027,5,"2026/2027"
"Latvia","total",2027-06-06,"2027-W22",22,2027,5,"2026/2027"
"Latvia","total",2027-06-13,"2027-W23",23,2027,5,"2026/2027"
"Latvia","total",2027-06-20,"2027-W24",24,2027,0,"2026/2027"
"Latvia","total",2027-06-27,"2027-W25",25,2027,2,"2026/2027"
"Latvia","total",2027-07-04,"2027-W26",26,2027,2,"2026/2027"
"Latvia","total",2027-07-11,"2027-W27",27,2027,0,"2026/2027"
"Latvia","total",2027-07-18,"2027-W28",28,2027,1,"2026/2027"
"Latvia","total",2027-07-25,"2027-W29",29,2027,2,"2026/2027"
"Latvia","total",2027-08-01,"2027-W30",30,2027,1,"2026/2027"
"Latvia","total",2027-08-08,"2027-W31",31,2027,1,"2026/2027"
"Latvia","total",2027-08-15,"2027-W32",32,2027,2,"2026/2027"
"Latvia","total",2027-08-22,"2027-W33",33,2027,2,"2026/2027"
"Latvia","total",2027-08-29,"2027-W34",34,2027,2,"2026/2027"
"Latvia","total",2027-09-05,"2027-W35",35,2027,4,"2027/2028"
"Latvia","total",2027-09-12,"2027-W36",36,2027,3,"2027/2028"
"Latvia","total",2027-09-19,"2027-W37",37,2027,3,"2027/2028"
"Latvia","total",2027-09-26,"2027-W38",38,2027,4,"2027/2028"
"Latvia","total",2027-10-03,"2027-W39",39,2027,8,"2027/2028"
"Latvia","total",2027-10-10,"2027-W40",40,2027,15,"2027/2028"
"Latvia","total",2027-10-17,"2027-W41",41,2027,16,"2027/2028"
"Latvia","total",2027-10-24,"2027-W42",42,2027,19,"2027/2028"
"Latvia","total",2027-10-31,"2027-W43",43,2027,41,"2027/2028"
"Latvia","total",2027-11-07,"2027-W44",44,2027,51,"2027/2028"
"Latvia","total",2027-11-14,"2027-W45",45,2027,73,"2027/2028"
"Latvia","total",2027-11-21,"2027-W46",46,2027,77,"2027/2028"
"Latvia","total",2027-11-28,"2027-W47",47,2027,87,"2027/2028"
"Latvia","total",2027-12-05,"2027-W48",48,2027,94,"2027/2028"
"Latvia","total",2027-12-12,"2027-W49",49,2027,108,"2027/2028"
"Latvia","total",2027-12-19,"2027-W50",50,2027,90,"2027/2028"
"Latvia","total",2027-12-26,"2027-W51",51,2027,82,"2027/2028"
"Latvia","total",2028-01-02,"2027-W52",52,2027,98,"2027/2028"
"Latvia","total",2028-01-09,"2028-W01",1,2028,70,"2027/2028"
"Latvia","total",2028-01-16,"2028-W02",2,2028,62,"2027/2028"
"Latvia","total",2028-01-23,"2028-W03",3,2028,45,"2027/2028"
"Latvia","total",2028-01-30,"2028-W04",4,2028,39,"2027/2028"
"Latvia","total",2028-02-06,"2028-W05",5,2028,29,"2027/2028"
"Latvia","total",2028-02-13,"2028-W06",6,2028,25,"2027/2028"
"Latvia","total",2028-02-20,"2028-W07",7,2028,22,"2027/2028"
"Latvia","total",2028-02-27,"2028-W08",8,2028,26,"2027/2028"
"Latvia","total",2028-03-05,"2028-W09",9,2028,22,"2027/2028"
"Latvia","total",2028-03-12,"2028-W10",10,2028,18,"2027/2028"
"Latvia","total",2028-03-19,"2028-W11",11,2028,17,"2027/2028"
"Latvia","total",2028-03-26,"2028-W12",12,2028,14,"2027/2028"
"Latvia","total",2028-04-02,"2028-W13",13,2028,17,"2027/2028"
"Latvia","total",2028-04-09,"2028-W14",14,2028,17,"2027/2028"
"Latvia","total",2028-04-16,"2028-W15",15,2028,9,"2027/2028"
"Latvia","total",2028-04-23,"2028-W16",16,2028,10,"2027/2028"
"Latvia","total",2028-04-30,"2028-W17",17,2028,5,"2027/2028"
"Latvia","total",2028-05-07,"2028-W18",18,2028,7,"2027/2028"
"Latvia","total",2028-05-14,"2028-W19",19,2028,7,"2027/2028"
"Latvia","total",2028-05-21,"2028-W20",20,2028,3,"2027/2028"
"Latvia","total",2028-05-28,"2028-W21",21,2028,5,"2027/2028"
"Latvia","total",2028-06-04,"2028-W22",22,2028,5,"2027/2028"
"Latvia","total",2028-06-11,"2028-W23",23,2028,5,"2027/2028"
"Latvia","total",2028-06-18,"2028-W24",24,2028,0,"2027/2028"
"Latvia","total",2028-06-25,"2028-W25",25,2028,2,"2027/2028"
"Latvia","total",2028-07-02,"2028-W26",26,2028,2,"2027/2028"
"Latvia","total",2028-07-09,"2028-W27",27,2028,0,"2027/2028"
"Latvia","total",2028-07-16,"2028-W28",28,2028,1,"2027/2028"
"Latvia","total",2028-07-23,"2028-W29",29,2028,2,"2027/2028"
"Latvia","total",2028-07-30,"2028-W30",30,2028,1,"2027/2028"
"Latvia","total",2028-08-06,"2028-W31",31,2028,1,"2027/2028"
"Latvia","total",2028-08-13,"2028-W32",32,2028,2,"2027/2028"
"Latvia","total",2028-08-20,"2028-W33",33,2028,2,"2027/2028"
"Latvia","total",2028-08-27,"2028-W34",34,2028,2,"2027/2028"
"Lithuania","total",2026-09-06,"2026-W36",36,2026,3,"2026/2027"
"Lithuania","total",2026-09-13,"2026-W37",37,2026,3,"2026/2027"
"Lithuania","total",2026-09-20,"2026-W38",38,2026,2,"2026/2027"
"Lithuania","total",2026-09-27,"2026-W39",39,2026,7,"2026/2027"
"Lithuania","total",2026-10-04,"2026-W40",40,2026,16,"2026/2027"
"Lithuania","total",2026-10-11,"2026-W41",41,2026,11,"2026/2027"
"Lithuania","total",2026-10-18,"2026-W42",42,2026,23,"2026/2027"
"Lithuania","total",2026-10-25,"2026-W43",43,2026,39,"2026/2027"
"Lithuania","total",2026-11-01,"2026-W44",44,2026,60,"2026/2027"
"Lithuania","total",2026-11-08,"2026-W45",45,2026,72,"2026/2027"
"Lithuania","total",2026-11-15,"2026-W46",46,2026,101,"2026/2027"
"Lithuania","total",2026-11-22,"2026-W47",47,2026,105,"2026/2027"
"Lithuania","total",2026-11-29,"2026-W48",48,2026,126,"2026/2027"
"Lithuania","total",2026-12-06,"2026-W49",49,2026,148,"2026/2027"
"Lithuania","total",2026-12-13,"2026-W50",50,2026,126,"2026/2027"
"Lithuania","total",2026-12-20,"2026-W51",51,2026,114,"2026/2027"
"Lithuania","total",2026-12-27,"2026-W52",52,2026,130,"2026/2027"
"Lithuania","total",2027-01-03,"2026-W53",53,2026,119,"2026/2027"
"Lithuania","total",2027-01-10,"2027-W01",1,2027,108,"2026/2027"
"Lithuania","total",2027-01-17,"2027-W02",2,2027,84,"2026/2027"
"Lithuania","total",2027-01-24,"2027-W03",3,2027,68,"2026/2027"
"Lithuania","total",2027-01-31,"2027-W04",4,2027,51,"2026/2027"
"Lithuania","total",2027-02-07,"2027-W05",5,2027,51,"2026/2027"
"Lithuania","total",2027-02-14,"2027-W06",6,2027,43,"2026/2027"
"Lithuania","total",2027-02-21,"2027-W07",7,2027,40,"2026/2027"
"Lithuania","total",2027-02-28,"2027-W08",8,2027,33,"2026/2027"
"Lithuania","total",2027-03-07,"2027-W09",9,2027,36,"2026/2027"
"Lithuania","total",2027-03-14,"2027-W10",10,2027,24,"2026/2027"
"Lithuania","total",2027-03-21,"2027-W11",11,2027,28,"2026/2027"
"Lithuania","total",2027-03-28,"2027-W12",12,2027,27,"2026/2027"
"Lithuania","total",2027-04-04,"2027-W13",13,2027,30,"2026/2027"
"Lithuania","total",2027-04-11,"2027-W14",14,2027,11,"2026/2027"
"Lithuania","total",2027-04-18,"2027-W15",15,2027,12,"2026/2027"
"Lithuania","total",2027-04-25,"2027-W16",16,2027,12,"2026/2027"
"Lithuania","total",2027-05-02,"2027-W17",17,2027,11,"2026/2027"
"Lithuania","total",2027-05-09,"2027-W18",18,2027,12,"2026/2027"
"Lithuania","total",2027-05-16,"2027-W19",19,2027,7,"2026/2027"
"Lithuania","total",2027-05-23,"2027-W20",20,2027,3,"2026/2027"
"Lithuania","total",2027-05-30,"2027-W21",21,2027,11,"2026/2027"
"Lithuania","total",2027-06-06,"2027-W22",22,2027,4,"2026/2027"
"Lithuania","total",2027-06-13,"2027-W23",23,2027,8,"2026/2027"
"Lithuania","total",2027-06-20,"2027-W24",24,2027,3,"2026/2027"
"Lithuania","total",2027-06-27,"2027-W25",25,2027,4,"2026/2027"
"Lithuania","total",2027-07-04,"2027-W26",26,2027,1,"2026/2027"
"Lithuania","total",2027-07-11,"2027-W27",27,2027,2,"2026/2027"
"Lithuania","total",2027-07-18,"2027-W28",28,2027,5,"2026/2027"
"Lithuania","total",2027-07-25,"2027-W29",29,2027,4,"2026/2027"
"Lithuania","total",2027-08-01,"2027-W30",30,2027,5,"2026/2027"
"Lithuania","total",2027-08-08,"2027-W31",31,2027,2,"2026/2027"
"Lithuania","total",2027-08-15,"2027-W32",32,2027,4,"2026/2027"
"Lithuania","total",2027-08-22,"2027-W33",33,2027,4,"2026/2027"
"Lithuania","total",2027-08-29,"2027-W34",34,2027,1,"2026/2027"
"Lithuania","total",2027-09-05,"2027-W35",35,2027,3,"2027/2028"
"Lithuania","total",2027-09-12,"2027-W36",36,2027,3,"2027/2028"
"Lithuania","total",2027-09-19,"2027-W37",37,2027,2,"2027/2028"
"Lithuania","total",2027-09-26,"2027-W38",38,2027,7,"2027/2028"
"Lithuania","total",2027-10-03,"2027-W39",39,2027,16,"2027/2028"
"Lithuania","total",2027-10-10,"2027-W40",40,2027,11,"2027/2028"
"Lithuania","total",2027-10-17,"2027-W41",41,2027,23,"2027/2028"
"Lithuania","total",2027-10-24,"2027-W42",42,2027,39,"2027/2028"
"Lithuania","total",2027-10-31,"2027-W43",43,2027,60,"2027/2028"
"Lithuania","total",2027-11-07,"2027-W44",44,2027,72,"2027/2028"
"Lithuania","total",2027-11-14,"2027-W45",45,2027,101,"2027/2028"
"Lithuania","total",2027-11-21,"2027-W46",46,2027,105,"2027/2028"
"Lithuania","total",2027-11-28,"2027-W47",47,2027,126,"2027/2028"
"Lithuania","total",2027-12-05,"2027-W48",48,2027,148,"2027/2028"
"Lithuania","total",2027-12-12,"2027-W49",49,2027,126,"2027/2028"
"Lithuania","total",2027-12-19,"2027-W50",50,2027,114,"2027/2028"
"Lithuania","total",2027-12-26,"2027-W51",51,2027,130,"2027/2028"
"Lithuania","total",2028-01-02,"2027-W52",52,2027,119,"2027/2028"
"Lithuania","total",2028-01-09,"2028-W01",1,2028,108,"2027/2028"
"Lithuania","total",2028-01-16,"2028-W02",2,2028,84,"2027/2028"
"Lithuania","total",2028-01-23,"2028-W03",3,2028,68,"2027/2028"
"Lithuania","total",2028-01-30,"2028-W04",4,2028,51,"2027/2028"
"Lithuania","total",2028-02-06,"2028-W05",5,2028,51,"2027/2028"
"Lithuania","total",2028-02-13,"2028-W06",6,2028,43,"2027/2028"
"Lithuania","total",2028-02-20,"2028-W07",7,2028,40,"2027/2028"
"Lithuania","total",2028-02-27,"2028-W08",8,2028,33,"2027/2028"
"Lithuania","total",2028-03-05,"2028-W09",9,2028,36,"2027/2028"
"Lithuania","total",2028-03-12,"2028-W10",10,2028,24,"2027/2028"
"Lithuania","total",2028-03-19,"2028-W11",11,2028,28,"2027/2028"
"Lithuania","total",2028-03-26,"2028-W12",12,2028,27,"2027/2028"
"Lithuania","total",2028-04-02,"2028-W13",13,2028,30,"2027/2028"
"Lithuania","total",2028-04-09,"2028-W14",14,2028,11,"2027/2028"
"Lithuania","total",2028-04-16,"2028-W15",15,2028,12,"2027/2028"
"Lithuania","total",2028-04-23,"2028-W16",16,2028,12,"2027/2028"
"Lithuania","total",2028-04-30,"2028-W17",17,2028,11,"2027/2028"
"Lithuania","total",2028-05-07,"2028-W18",18,2028,12,"2027/2028"
"Lithuania","total",2028-05-14,"2028-W19",19,2028,7,"2027/2028"
"Lithuania","total",2028-05-21,"2028-W20",20,2028,3,"2027/2028"
"Lithuania","total",2028-05-28,"2028-W21",21,2028,11,"2027/2028"
"Lithuania","total",2028-06-04,"2028-W22",22,2028,4,"2027/2028"
"Lithuania","total",2028-06-11,"2028-W23",23,2028,8,"2027/2028"
"Lithuania","total",2028-06-18,"2028-W24",24,2028,3,"2027/2028"
"Lithuania","total",2028-06-25,"2028-W25",25,2028,4,"2027/2028"
"Lithuania","total",2028-07-02,"2028-W26",26,2028,1,"2027/2028"
"Lithuania","total",2028-07-09,"2028-W27",27,2028,2,"2027/2028"
"Lithuania","total",2028-07-16,"2028-W28",28,2028,5,"2027/2028"
"Lithuania","total",2028-07-23,"2028-W29",29,2028,4,"2027/2028"
"Lithuania","total",2028-07-30,"2028-W30",30,2028,5,"2027/2028"
"Lithuania","total",2028-08-06,"2028-W31",31,2028,2,"2027/2028"
"Lithuania","total",2028-08-13,"2028-W32",32,2028,4,"2027/2028"
"Lithuania","total",2028-08-20,"2028-W33",33,2028,4,"2027/2028"
"Lithuania","total",2028-08-27,"2028-W34",34,2028,1,"2027/2028"
"Luxembourg","total",2026-09-06,"2026-W36",36,2026,0,"2026/2027"
"Luxembourg","total",2026-09-13,"2026-W37",37,2026,3,"2026/2027"
"Luxembourg","total",2026-09-20,"2026-W38",38,2026,0,"2026/2027"
"Luxembourg","total",2026-09-27,"2026-W39",39,2026,4,"2026/2027"
"Luxembourg","total",2026-10-04,"2026-W40",40,2026,6,"2026/2027"
"Luxembourg","total",2026-10-11,"2026-W41",41,2026,3,"2026/2027"
"Luxembourg","total",2026-10-18,"2026-W42",42,2026,12,"2026/2027"
"Luxembourg","total",2026-10-25,"2026-W43",43,2026,8,"2026/2027"
"Luxembourg","total",2026-11-01,"2026-W44",44,2026,18,"2026/2027"
"Luxembourg","total",2026-11-08,"2026-W45",45,2026,19,"2026/2027"
"Luxembourg","total",2026-11-15,"2026-W46",46,2026,32,"2026/2027"
"Luxembourg","total",2026-11-22,"2026-W47",47,2026,34,"2026/2027"
"Luxembourg","total",2026-11-29,"2026-W48",48,2026,40,"2026/2027"
"Luxembourg","total",2026-12-06,"2026-W49",49,2026,34,"2026/2027"
"Luxembourg","total",2026-12-13,"2026-W50",50,2026,32,"2026/2027"
"Luxembourg","total",2026-12-20,"2026-W51",51,2026,27,"2026/2027"
"Luxembourg","total",2026-12-27,"2026-W52",52,2026,30,"2026/2027"
"Luxembourg","total",2027-01-03,"2026-W53",53,2026,30,"2026/2027"
"Luxembourg","total",2027-01-10,"2027-W01",1,2027,31,"2026/2027"
"Luxembourg","total",2027-01-17,"2027-W02",2,2027,25,"2026/2027"
"Luxembourg","total",2027-01-24,"2027-W03",3,2027,20,"2026/2027"
"Luxembourg","total",2027-01-31,"2027-W04",4,2027,14,"2026/2027"
"Luxembourg","total",2027-02-07,"2027-W05",5,2027,10,"2026/2027"
"Luxembourg","total",2027-02-14,"2027-W06",6,2027,13,"2026/2027"
"Luxembourg","total",2027-02-21,"2027-W07",7,2027,11,"2026/2027"
"Luxembourg","total",2027-02-28,"2027-W08",8,2027,8,"2026/2027"
"Luxembourg","total",2027-03-07,"2027-W09",9,2027,11,"2026/2027"
"Luxembourg","total",2027-03-14,"2027-W10",10,2027,3,"2026/2027"
"Luxembourg","total",2027-03-21,"2027-W11",11,2027,4,"2026/2027"
"Luxembourg","total",2027-03-28,"2027-W12",12,2027,5,"2026/2027"
"Luxembourg","total",2027-04-04,"2027-W13",13,2027,4,"2026/2027"
"Luxembourg","total",2027-04-11,"2027-W14",14,2027,1,"2026/2027"
"Luxembourg","total",2027-04-18,"2027-W15",15,2027,2,"2026/2027"
"Luxembourg","total",2027-04-25,"2027-W16",16,2027,4,"2026/2027"
"Luxembourg","total",2027-05-02,"2027-W17",17,2027,0,"2026/2027"
"Luxembourg","total",2027-05-09,"2027-W18",18,2027,2,"2026/2027"
"Luxembourg","total",2027-05-16,"2027-W19",19,2027,0,"2026/2027"
"Luxembourg","total",2027-05-23,"2027-W20",20,2027,3,"2026/2027"
"Luxembourg","total",2027-05-30,"2027-W21",21,2027,3,"2026/2027"
"Luxembourg","total",2027-06-06,"2027-W22",22,2027,0,"2026/2027"
"Luxembourg","total",2027-06-13,"2027-W23",23,2027,3,"2026/2027"
"Luxembourg","total",2027-06-20,"2027-W24",24,2027,0,"2026/2027"
"Luxembourg","total",2027-06-27,"2027-W25",25,2027,0,"2026/2027"
"Luxembourg","total",2027-07-04,"2027-W26",26,2027,0,"2026/2027"
"Luxembourg","total",2027-07-11,"2027-W27",27,2027,2,"2026/2027"
"Luxembourg","total",2027-07-18,"2027-W28",28,2027,0,"2026/2027"
"Luxembourg","total",2027-07-25,"2027-W29",29,2027,0,"2026/2027"
"Luxembourg","total",2027-08-01,"2027-W30",30,2027,1,"2026/2027"
"Luxembourg","total",2027-08-08,"2027-W31",31,2027,0,"2026/2027"
"Luxembourg","total",2027-08-15,"2027-W32",32,2027,2,"2026/2027"
"Luxembourg","total",2027-08-22,"2027-W33",33,2027,1,"2026/2027"
"Luxembourg","total",2027-08-29,"2027-W34",34,2027,0,"2026/2027"
"Luxembourg","total",2027-09-05,"2027-W35",35,2027,0,"2027/2028"
"Luxembourg","total",2027-09-12,"2027-W36",36,2027,3,"2027/2028"
"Luxembourg","total",2027-09-19,"2027-W37",37,2027,0,"2027/2028"
"Luxembourg","total",2027-09-26,"2027-W38",38,2027,4,"2027/2028"
"Luxembourg","total",2027-10-03,"2027-W39",39,2027,6,"2027/2028"
"Luxembourg","total",2027-10-10,"2027-W40",40,2027,3,"2027/2028"
"Luxembourg","total",2027-10-17,"2027-W41",41,2027,12,"2027/2028"
"Luxembourg","total",2027-10-24,"2027-W42",42,2027,8,"2027/2028"
"Luxembourg","total",2027-10-31,"2027-W43",43,2027,18,"2027/2028"
"Luxembourg","total",2027-11-07,"2027-W44",44,2027,19,"2027/2028"
"Luxembourg","total",2027-11-14,"2027-W45",45,2027,32,"2027/2028"
"Luxembourg","total",2027-11-21,"2027-W46",46,2027,34,"2027/2028"
"Luxembourg","total",2027-11-28,"2027-W47",47,2027,40,"2027/2028"
"Luxembourg","total",2027-12-05,"2027-W48",48,2027,34,"2027/2028"
"Luxembourg","total",2027-12-12,"2027-W49",49,2027,32,"2027/2028"
"Luxembourg","total",2027-12-19,"2027-W50",50,2027,27,"2027/2028"
"Luxembourg","total",2027-12-26,"2027-W51",51,2027,30,"2027/2028"
"Luxembourg","total",2028-01-02,"2027-W52",52,2027,30,"2027/2028"
"Luxembourg","total",2028-01-09,"2028-W01",1,2028,31,"2027/2028"
"Luxembourg","total",2028-01-16,"2028-W02",2,2028,25,"2027/2028"
"Luxembourg","total",2028-01-23,"2028-W03",3,2028,20,"2027/2028"
"Luxembourg","total",2028-01-30,"2028-W04",4,2028,14,"2027/2028"
"Luxembourg","total",2028-02-06,"2028-W05",5,2028,10,"2027/2028"
"Luxembourg","total",2028-02-13,"2028-W06",6,2028,13,"2027/2028"
"Luxembourg","total",2028-02-20,"2028-W07",7,2028,11,"2027/2028"
"Luxembourg","total",2028-02-27,"2028-W08",8,2028,8,"2027/2028"
"Luxembourg","total",2028-03-05,"2028-W09",9,2028,11,"2027/2028"
"Luxembourg","total",2028-03-12,"2028-W10",10,2028,3,"2027/2028"
"Luxembourg","total",2028-03-19,"2028-W11",11,2028,4,"2027/2028"
"Luxembourg","total",2028-03-26,"2028-W12",12,2028,5,"2027/2028"
"Luxembourg","total",2028-04-02,"2028-W13",13,2028,4,"2027/2028"
"Luxembourg","total",2028-04-09,"2028-W14",14,2028,1,"2027/2028"
"Luxembourg","total",2028-04-16,"2028-W15",15,2028,2,"2027/2028"
"Luxembourg","total",2028-04-23,"2028-W16",16,2028,4,"2027/2028"
"Luxembourg","total",2028-04-30,"2028-W17",17,2028,0,"2027/2028"
"Luxembourg","total",2028-05-07,"2028-W18",18,2028,2,"2027/2028"
"Luxembourg","total",2028-05-14,"2028-W19",19,2028,0,"2027/2028"
"Luxembourg","total",2028-05-21,"2028-W20",20,2028,3,"2027/2028"
"Luxembourg","total",2028-05-28,"2028-W21",21,2028,3,"2027/2028"
"Luxembourg","total",2028-06-04,"2028-W22",22,2028,0,"2027/2028"
"Luxembourg","total",2028-06-11,"2028-W23",23,2028,3,"2027/2028"
"Luxembourg","total",2028-06-18,"2028-W24",24,2028,0,"2027/2028"
"Luxembourg","total",2028-06-25,"2028-W25",25,2028,0,"2027/2028"
"Luxembourg","total",2028-07-02,"2028-W26",26,2028,0,"2027/2028"
"Luxembourg","total",2028-07-09,"2028-W27",27,2028,2,"2027/2028"
"Luxembourg","total",2028-07-16,"2028-W28",28,2028,0,"2027/2028"
"Luxembourg","total",2028-07-23,"2028-W29",29,2028,0,"2027/2028"
"Luxembourg","total",2028-07-30,"2028-W30",30,2028,1,"2027/2028"
"Luxembourg","total",2028-08-06,"2028-W31",31,2028,0,"2027/2028"
"Luxembourg","total",2028-08-13,"2028-W32",32,2028,2,"2027/2028"
"Luxembourg","total",2028-08-20,"2028-W33",33,2028,1,"2027/2028"
"Luxembourg","total",2028-08-27,"2028-W34",34,2028,0,"2027/2028"
"Malta","total",2026-09-06,"2026-W36",36,2026,0,"2026/2027"
"Malta","total",2026-09-13,"2026-W37",37,2026,0,"2026/2027"
"Malta","total",2026-09-20,"2026-W38",38,2026,1,"2026/2027"
"Malta","total",2026-09-27,"2026-W39",39,2026,2,"2026/2027"
"Malta","total",2026-10-04,"2026-W40",40,2026,1,"2026/2027"
"Malta","total",2026-10-11,"2026-W41",41,2026,6,"2026/2027"
"Malta","total",2026-10-18,"2026-W42",42,2026,7,"2026/2027"
"Malta","total",2026-10-25,"2026-W43",43,2026,11,"2026/2027"
"Malta","total",2026-11-01,"2026-W44",44,2026,12,"2026/2027"
"Malta","total",2026-11-08,"2026-W45",45,2026,16,"2026/2027"
"Malta","total",2026-11-15,"2026-W46",46,2026,18,"2026/2027"
"Malta","total",2026-11-22,"2026-W47",47,2026,18,"2026/2027"
"Malta","total",2026-11-29,"2026-W48",48,2026,42,"2026/2027"
"Malta","total",2026-12-06,"2026-W49",49,2026,33,"2026/2027"
"Malta","total",2026-12-13,"2026-W50",50,2026,26,"2026/2027"
"Malta","total",2026-12-20,"2026-W51",51,2026,25,"2026/2027"
"Malta","total",2026-12-27,"2026-W52",52,2026,31,"2026/2027"
"Malta","total",2027-01-03,"2026-W53",53,2026,18,"2026/2027"
"Malta","total",2027-01-10,"2027-W01",1,2027,16,"2026/2027"
"Malta","total",2027-01-17,"2027-W02",2,2027,11,"2026/2027"
"Malta","total",2027-01-24,"2027-W03",3,2027,11,"2026/2027"
"Malta","total",2027-01-31,"2027-W04",4,2027,10,"2026/2027"
"Malta","total",2027-02-07,"2027-W05",5,2027,9,"2026/2027"
"Malta","total",2027-02-14,"2027-W06",6,2027,8,"2026/2027"
"Malta","total",2027-02-21,"2027-W07",7,2027,8,"2026/2027"
"Malta","total",2027-02-28,"2027-W08",8,2027,4,"2026/2027"
"Malta","total",2027-03-07,"2027-W09",9,2027,5,"2026/2027"
"Malta","total",2027-03-14,"2027-W10",10,2027,7,"2026/2027"
"Malta","total",2027-03-21,"2027-W11",11,2027,5,"2026/2027"
"Malta","total",2027-03-28,"2027-W12",12,2027,1,"2026/2027"
"Malta","total",2027-04-04,"2027-W13",13,2027,3,"2026/2027"
"Malta","total",2027-04-11,"2027-W14",14,2027,2,"2026/2027"
"Malta","total",2027-04-18,"2027-W15",15,2027,0,"2026/2027"
"Malta","total",2027-04-25,"2027-W16",16,2027,3,"2026/2027"
"Malta","total",2027-05-02,"2027-W17",17,2027,1,"2026/2027"
"Malta","total",2027-05-09,"2027-W18",18,2027,1,"2026/2027"
"Malta","total",2027-05-16,"2027-W19",19,2027,2,"2026/2027"
"Malta","total",2027-05-23,"2027-W20",20,2027,1,"2026/2027"
"Malta","total",2027-05-30,"2027-W21",21,2027,2,"2026/2027"
"Malta","total",2027-06-06,"2027-W22",22,2027,0,"2026/2027"
"Malta","total",2027-06-13,"2027-W23",23,2027,0,"2026/2027"
"Malta","total",2027-06-20,"2027-W24",24,2027,1,"2026/2027"
"Malta","total",2027-06-27,"2027-W25",25,2027,0,"2026/2027"
"Malta","total",2027-07-04,"2027-W26",26,2027,0,"2026/2027"
"Malta","total",2027-07-11,"2027-W27",27,2027,2,"2026/2027"
"Malta","total",2027-07-18,"2027-W28",28,2027,0,"2026/2027"
"Malta","total",2027-07-25,"2027-W29",29,2027,1,"2026/2027"
"Malta","total",2027-08-01,"2027-W30",30,2027,3,"2026/2027"
"Malta","total",2027-08-08,"2027-W31",31,2027,0,"2026/2027"
"Malta","total",2027-08-15,"2027-W32",32,2027,0,"2026/2027"
"Malta","total",2027-08-22,"2027-W33",33,2027,0,"2026/2027"
"Malta","total",2027-08-29,"2027-W34",34,2027,1,"2026/2027"
"Malta","total",2027-09-05,"2027-W35",35,2027,0,"2027/2028"
"Malta","total",2027-09-12,"2027-W36",36,2027,0,"2027/2028"
"Malta","total",2027-09-19,"2027-W37",37,2027,1,"2027/2028"
"Malta","total",2027-09-26,"2027-W38",38,2027,2,"2027/2028"
"Malta","total",2027-10-03,"2027-W39",39,2027,1,"2027/2028"
"Malta","total",2027-10-10,"2027-W40",40,2027,6,"2027/2028"
"Malta","total",2027-10-17,"2027-W41",41,2027,7,"2027/2028"
"Malta","total",2027-10-24,"2027-W42",42,2027,11,"2027/2028"
"Malta","total",2027-10-31,"2027-W43",43,2027,12,"2027/2028"
"Malta","total",2027-11-07,"2027-W44",44,2027,16,"2027/2028"
"Malta","total",2027-11-14,"2027-W45",45,2027,18,"2027/2028"
"Malta","total",2027-11-21,"2027-W46",46,2027,18,"2027/2028"
"Malta","total",2027-11-28,"2027-W47",47,2027,42,"2027/2028"
"Malta","total",2027-12-05,"2027-W48",48,2027,33,"2027/2028"
"Malta","total",2027-12-12,"2027-W49",49,2027,26,"2027/2028"
"Malta","total",2027-12-19,"2027-W50",50,2027,25,"2027/2028"
"Malta","total",2027-12-26,"2027-W51",51,2027,31,"2027/2028"
"Malta","total",2028-01-02,"2027-W52",52,2027,18,"2027/2028"
"Malta","total",2028-01-09,"2028-W01",1,2028,16,"2027/2028"
"Malta","total",2028-01-16,"2028-W02",2,2028,11,"2027/2028"
"Malta","total",2028-01-23,"2028-W03",3,2028,11,"2027/2028"
"Malta","total",2028-01-30,"2028-W04",4,2028,10,"2027/2028"
"Malta","total",2028-02-06,"2028-W05",5,2028,9,"2027/2028"
"Malta","total",2028-02-13,"2028-W06",6,2028,8,"2027/2028"
"Malta","total",2028-02-20,"2028-W07",7,2028,8,"2027/2028"
"Malta","total",2028-02-27,"2028-W08",8,2028,4,"2027/2028"
"Malta","total",2028-03-05,"2028-W09",9,2028,5,"2027/2028"
"Malta","total",2028-03-12,"2028-W10",10,2028,7,"2027/2028"
"Malta","total",2028-03-19,"2028-W11",11,2028,5,"2027/2028"
"Malta","total",2028-03-26,"2028-W12",12,2028,1,"2027/2028"
"Malta","total",2028-04-02,"2028-W13",13,2028,3,"2027/2028"
"Malta","total",2028-04-09,"2028-W14",14,2028,2,"2027/2028"
"Malta","total",2028-04-16,"2028-W15",15,2028,0,"2027/2028"
"Malta","total",2028-04-23,"2028-W16",16,2028,3,"2027/2028"
"Malta","total",2028-04-30,"2028-W17",17,2028,1,"2027/2028"
"Malta","total",2028-05-07,"2028-W18",18,2028,1,"2027/2028"
"Malta","total",2028-05-14,"2028-W19",19,2028,2,"2027/2028"
"Malta","total",2028-05-21,"2028-W20",20,2028,1,"2027/2028"
"Malta","total",2028-05-28,"2028-W21",21,2028,2,"2027/2028"
"Malta","total",2028-06-04,"2028-W22",22,2028,0,"2027/2028"
"Malta","total",2028-06-11,"2028-W23",23,2028,0,"2027/2028"
"Malta","total",2028-06-18,"2028-W24",24,2028,1,"2027/2028"
"Malta","total",2028-06-25,"2028-W25",25,2028,0,"2027/2028"
"Malta","total",2028-07-02,"2028-W26",26,2028,0,"2027/2028"
"Malta","total",2028-07-09,"2028-W27",27,2028,2,"2027/2028"
"Malta","total",2028-07-16,"2028-W28",28,2028,0,"2027/2028"
"Malta","total",2028-07-23,"2028-W29",29,2028,1,"2027/2028"
"Malta","total",2028-07-30,"2028-W30",30,2028,3,"2027/2028"
"Malta","total",2028-08-06,"2028-W31",31,2028,0,"2027/2028"
"Malta","total",2028-08-13,"2028-W32",32,2028,0,"2027/2028"
"Malta","total",2028-08-20,"2028-W33",33,2028,0,"2027/2028"
"Malta","total",2028-08-27,"2028-W34",34,2028,1,"2027/2028"
"Netherlands","total",2026-09-06,"2026-W36",36,2026,23,"2026/2027"
"Netherlands","total",2026-09-13,"2026-W37",37,2026,18,"2026/2027"
"Netherlands","total",2026-09-20,"2026-W38",38,2026,31,"2026/2027"
"Netherlands","total",2026-09-27,"2026-W39",39,2026,42,"2026/2027"
"Netherlands","total",2026-10-04,"2026-W40",40,2026,63,"2026/2027"
"Netherlands","total",2026-10-11,"2026-W41",41,2026,68,"2026/2027"
"Netherlands","total",2026-10-18,"2026-W42",42,2026,122,"2026/2027"
"Netherlands","total",2026-10-25,"2026-W43",43,2026,202,"2026/2027"
"Netherlands","total",2026-11-01,"2026-W44",44,2026,277,"2026/2027"
"Netherlands","total",2026-11-08,"2026-W45",45,2026,379,"2026/2027"
"Netherlands","total",2026-11-15,"2026-W46",46,2026,538,"2026/2027"
"Netherlands","total",2026-11-22,"2026-W47",47,2026,656,"2026/2027"
"Netherlands","total",2026-11-29,"2026-W48",48,2026,688,"2026/2027"
"Netherlands","total",2026-12-06,"2026-W49",49,2026,724,"2026/2027"
"Netherlands","total",2026-12-13,"2026-W50",50,2026,786,"2026/2027"
"Netherlands","total",2026-12-20,"2026-W51",51,2026,742,"2026/2027"
"Netherlands","total",2026-12-27,"2026-W52",52,2026,630,"2026/2027"
"Netherlands","total",2027-01-03,"2026-W53",53,2026,604,"2026/2027"
"Netherlands","total",2027-01-10,"2027-W01",1,2027,521,"2026/2027"
"Netherlands","total",2027-01-17,"2027-W02",2,2027,388,"2026/2027"
"Netherlands","total",2027-01-24,"2027-W03",3,2027,343,"2026/2027"
"Netherlands","total",2027-01-31,"2027-W04",4,2027,324,"2026/2027"
"Netherlands","total",2027-02-07,"2027-W05",5,2027,242,"2026/2027"
"Netherlands","total",2027-02-14,"2027-W06",6,2027,219,"2026/2027"
"Netherlands","total",2027-02-21,"2027-W07",7,2027,193,"2026/2027"
"Netherlands","total",2027-02-28,"2027-W08",8,2027,189,"2026/2027"
"Netherlands","total",2027-03-07,"2027-W09",9,2027,176,"2026/2027"
"Netherlands","total",2027-03-14,"2027-W10",10,2027,117,"2026/2027"
"Netherlands","total",2027-03-21,"2027-W11",11,2027,125,"2026/2027"
"Netherlands","total",2027-03-28,"2027-W12",12,2027,103,"2026/2027"
"Netherlands","total",2027-04-04,"2027-W13",13,2027,82,"2026/2027"
"Netherlands","total",2027-04-11,"2027-W14",14,2027,103,"2026/2027"
"Netherlands","total",2027-04-18,"2027-W15",15,2027,88,"2026/2027"
"Netherlands","total",2027-04-25,"2027-W16",16,2027,62,"2026/2027"
"Netherlands","total",2027-05-02,"2027-W17",17,2027,62,"2026/2027"
"Netherlands","total",2027-05-09,"2027-W18",18,2027,39,"2026/2027"
"Netherlands","total",2027-05-16,"2027-W19",19,2027,28,"2026/2027"
"Netherlands","total",2027-05-23,"2027-W20",20,2027,28,"2026/2027"
"Netherlands","total",2027-05-30,"2027-W21",21,2027,31,"2026/2027"
"Netherlands","total",2027-06-06,"2027-W22",22,2027,38,"2026/2027"
"Netherlands","total",2027-06-13,"2027-W23",23,2027,21,"2026/2027"
"Netherlands","total",2027-06-20,"2027-W24",24,2027,16,"2026/2027"
"Netherlands","total",2027-06-27,"2027-W25",25,2027,16,"2026/2027"
"Netherlands","total",2027-07-04,"2027-W26",26,2027,17,"2026/2027"
"Netherlands","total",2027-07-11,"2027-W27",27,2027,17,"2026/2027"
"Netherlands","total",2027-07-18,"2027-W28",28,2027,19,"2026/2027"
"Netherlands","total",2027-07-25,"2027-W29",29,2027,11,"2026/2027"
"Netherlands","total",2027-08-01,"2027-W30",30,2027,20,"2026/2027"
"Netherlands","total",2027-08-08,"2027-W31",31,2027,10,"2026/2027"
"Netherlands","total",2027-08-15,"2027-W32",32,2027,7,"2026/2027"
"Netherlands","total",2027-08-22,"2027-W33",33,2027,13,"2026/2027"
"Netherlands","total",2027-08-29,"2027-W34",34,2027,10,"2026/2027"
"Netherlands","total",2027-09-05,"2027-W35",35,2027,23,"2027/2028"
"Netherlands","total",2027-09-12,"2027-W36",36,2027,18,"2027/2028"
"Netherlands","total",2027-09-19,"2027-W37",37,2027,31,"2027/2028"
"Netherlands","total",2027-09-26,"2027-W38",38,2027,42,"2027/2028"
"Netherlands","total",2027-10-03,"2027-W39",39,2027,63,"2027/2028"
"Netherlands","total",2027-10-10,"2027-W40",40,2027,68,"2027/2028"
"Netherlands","total",2027-10-17,"2027-W41",41,2027,122,"2027/2028"
"Netherlands","total",2027-10-24,"2027-W42",42,2027,202,"2027/2028"
"Netherlands","total",2027-10-31,"2027-W43",43,2027,277,"2027/2028"
"Netherlands","total",2027-11-07,"2027-W44",44,2027,379,"2027/2028"
"Netherlands","total",2027-11-14,"2027-W45",45,2027,538,"2027/2028"
"Netherlands","total",2027-11-21,"2027-W46",46,2027,656,"2027/2028"
"Netherlands","total",2027-11-28,"2027-W47",47,2027,688,"2027/2028"
"Netherlands","total",2027-12-05,"2027-W48",48,2027,724,"2027/2028"
"Netherlands","total",2027-12-12,"2027-W49",49,2027,786,"2027/2028"
"Netherlands","total",2027-12-19,"2027-W50",50,2027,742,"2027/2028"
"Netherlands","total",2027-12-26,"2027-W51",51,2027,630,"2027/2028"
"Netherlands","total",2028-01-02,"2027-W52",52,2027,604,"2027/2028"
"Netherlands","total",2028-01-09,"2028-W01",1,2028,521,"2027/2028"
"Netherlands","total",2028-01-16,"2028-W02",2,2028,388,"2027/2028"
"Netherlands","total",2028-01-23,"2028-W03",3,2028,343,"2027/2028"
"Netherlands","total",2028-01-30,"2028-W04",4,2028,324,"2027/2028"
"Netherlands","total",2028-02-06,"2028-W05",5,2028,242,"2027/2028"
"Netherlands","total",2028-02-13,"2028-W06",6,2028,219,"2027/2028"
"Netherlands","total",2028-02-20,"2028-W07",7,2028,193,"2027/2028"
"Netherlands","total",2028-02-27,"2028-W08",8,2028,189,"2027/2028"
"Netherlands","total",2028-03-05,"2028-W09",9,2028,176,"2027/2028"
"Netherlands","total",2028-03-12,"2028-W10",10,2028,117,"2027/2028"
"Netherlands","total",2028-03-19,"2028-W11",11,2028,125,"2027/2028"
"Netherlands","total",2028-03-26,"2028-W12",12,2028,103,"2027/2028"
"Netherlands","total",2028-04-02,"2028-W13",13,2028,82,"2027/2028"
"Netherlands","total",2028-04-09,"2028-W14",14,2028,103,"2027/2028"
"Netherlands","total",2028-04-16,"2028-W15",15,2028,88,"2027/2028"
"Netherlands","total",2028-04-23,"2028-W16",16,2028,62,"2027/2028"
"Netherlands","total",2028-04-30,"2028-W17",17,2028,62,"2027/2028"
"Netherlands","total",2028-05-07,"2028-W18",18,2028,39,"2027/2028"
"Netherlands","total",2028-05-14,"2028-W19",19,2028,28,"2027/2028"
"Netherlands","total",2028-05-21,"2028-W20",20,2028,28,"2027/2028"
"Netherlands","total",2028-05-28,"2028-W21",21,2028,31,"2027/2028"
"Netherlands","total",2028-06-04,"2028-W22",22,2028,38,"2027/2028"
"Netherlands","total",2028-06-11,"2028-W23",23,2028,21,"2027/2028"
"Netherlands","total",2028-06-18,"2028-W24",24,2028,16,"2027/2028"
"Netherlands","total",2028-06-25,"2028-W25",25,2028,16,"2027/2028"
"Netherlands","total",2028-07-02,"2028-W26",26,2028,17,"2027/2028"
"Netherlands","total",2028-07-09,"2028-W27",27,2028,17,"2027/2028"
"Netherlands","total",2028-07-16,"2028-W28",28,2028,19,"2027/2028"
"Netherlands","total",2028-07-23,"2028-W29",29,2028,11,"2027/2028"
"Netherlands","total",2028-07-30,"2028-W30",30,2028,20,"2027/2028"
"Netherlands","total",2028-08-06,"2028-W31",31,2028,10,"2027/2028"
"Netherlands","total",2028-08-13,"2028-W32",32,2028,7,"2027/2028"
"Netherlands","total",2028-08-20,"2028-W33",33,2028,13,"2027/2028"
"Netherlands","total",2028-08-27,"2028-W34",34,2028,10,"2027/2028"
"Norway","total",2026-09-06,"2026-W36",36,2026,10,"2026/2027"
"Norway","total",2026-09-13,"2026-W37",37,2026,8,"2026/2027"
"Norway","total",2026-09-20,"2026-W38",38,2026,8,"2026/2027"
"Norway","total",2026-09-27,"2026-W39",39,2026,19,"2026/2027"
"Norway","total",2026-10-04,"2026-W40",40,2026,18,"2026/2027"
"Norway","total",2026-10-11,"2026-W41",41,2026,36,"2026/2027"
"Norway","total",2026-10-18,"2026-W42",42,2026,71,"2026/2027"
"Norway","total",2026-10-25,"2026-W43",43,2026,103,"2026/2027"
"Norway","total",2026-11-01,"2026-W44",44,2026,136,"2026/2027"
"Norway","total",2026-11-08,"2026-W45",45,2026,180,"2026/2027"
"Norway","total",2026-11-15,"2026-W46",46,2026,225,"2026/2027"
"Norway","total",2026-11-22,"2026-W47",47,2026,287,"2026/2027"
"Norway","total",2026-11-29,"2026-W48",48,2026,316,"2026/2027"
"Norway","total",2026-12-06,"2026-W49",49,2026,313,"2026/2027"
"Norway","total",2026-12-13,"2026-W50",50,2026,334,"2026/2027"
"Norway","total",2026-12-20,"2026-W51",51,2026,358,"2026/2027"
"Norway","total",2026-12-27,"2026-W52",52,2026,317,"2026/2027"
"Norway","total",2027-01-03,"2026-W53",53,2026,265,"2026/2027"
"Norway","total",2027-01-10,"2027-W01",1,2027,262,"2026/2027"
"Norway","total",2027-01-17,"2027-W02",2,2027,209,"2026/2027"
"Norway","total",2027-01-24,"2027-W03",3,2027,153,"2026/2027"
"Norway","total",2027-01-31,"2027-W04",4,2027,150,"2026/2027"
"Norway","total",2027-02-07,"2027-W05",5,2027,117,"2026/2027"
"Norway","total",2027-02-14,"2027-W06",6,2027,135,"2026/2027"
"Norway","total",2027-02-21,"2027-W07",7,2027,105,"2026/2027"
"Norway","total",2027-02-28,"2027-W08",8,2027,96,"2026/2027"
"Norway","total",2027-03-07,"2027-W09",9,2027,98,"2026/2027"
"Norway","total",2027-03-14,"2027-W10",10,2027,51,"2026/2027"
"Norway","total",2027-03-21,"2027-W11",11,2027,60,"2026/2027"
"Norway","total",2027-03-28,"2027-W12",12,2027,45,"2026/2027"
"Norway","total",2027-04-04,"2027-W13",13,2027,42,"2026/2027"
"Norway","total",2027-04-11,"2027-W14",14,2027,31,"2026/2027"
"Norway","total",2027-04-18,"2027-W15",15,2027,27,"2026/2027"
"Norway","total",2027-04-25,"2027-W16",16,2027,30,"2026/2027"
"Norway","total",2027-05-02,"2027-W17",17,2027,21,"2026/2027"
"Norway","total",2027-05-09,"2027-W18",18,2027,19,"2026/2027"
"Norway","total",2027-05-16,"2027-W19",19,2027,23,"2026/2027"
"Norway","total",2027-05-23,"2027-W20",20,2027,17,"2026/2027"
"Norway","total",2027-05-30,"2027-W21",21,2027,12,"2026/2027"
"Norway","total",2027-06-06,"2027-W22",22,2027,12,"2026/2027"
"Norway","total",2027-06-13,"2027-W23",23,2027,12,"2026/2027"
"Norway","total",2027-06-20,"2027-W24",24,2027,13,"2026/2027"
"Norway","total",2027-06-27,"2027-W25",25,2027,5,"2026/2027"
"Norway","total",2027-07-04,"2027-W26",26,2027,8,"2026/2027"
"Norway","total",2027-07-11,"2027-W27",27,2027,7,"2026/2027"
"Norway","total",2027-07-18,"2027-W28",28,2027,14,"2026/2027"
"Norway","total",2027-07-25,"2027-W29",29,2027,6,"2026/2027"
"Norway","total",2027-08-01,"2027-W30",30,2027,6,"2026/2027"
"Norway","total",2027-08-08,"2027-W31",31,2027,10,"2026/2027"
"Norway","total",2027-08-15,"2027-W32",32,2027,4,"2026/2027"
"Norway","total",2027-08-22,"2027-W33",33,2027,6,"2026/2027"
"Norway","total",2027-08-29,"2027-W34",34,2027,3,"2026/2027"
"Norway","total",2027-09-05,"2027-W35",35,2027,10,"2027/2028"
"Norway","total",2027-09-12,"2027-W36",36,2027,8,"2027/2028"
"Norway","total",2027-09-19,"2027-W37",37,2027,8,"2027/2028"
"Norway","total",2027-09-26,"2027-W38",38,2027,19,"2027/2028"
"Norway","total",2027-10-03,"2027-W39",39,2027,18,"2027/2028"
"Norway","total",2027-10-10,"2027-W40",40,2027,36,"2027/2028"
"Norway","total",2027-10-17,"2027-W41",41,2027,71,"2027/2028"
"Norway","total",2027-10-24,"2027-W42",42,2027,103,"2027/2028"
"Norway","total",2027-10-31,"2027-W43",43,2027,136,"2027/2028"
"Norway","total",2027-11-07,"2027-W44",44,2027,180,"2027/2028"
"Norway","total",2027-11-14,"2027-W45",45,2027,225,"2027/2028"
"Norway","total",2027-11-21,"2027-W46",46,2027,287,"2027/2028"
"Norway","total",2027-11-28,"2027-W47",47,2027,316,"2027/2028"
"Norway","total",2027-12-05,"2027-W48",48,2027,313,"2027/2028"
"Norway","total",2027-12-12,"2027-W49",49,2027,334,"2027/2028"
"Norway","total",2027-12-19,"2027-W50",50,2027,358,"2027/2028"
"Norway","total",2027-12-26,"2027-W51",51,2027,317,"2027/2028"
"Norway","total",2028-01-02,"2027-W52",52,2027,265,"2027/2028"
"Norway","total",2028-01-09,"2028-W01",1,2028,262,"2027/2028"
"Norway","total",2028-01-16,"2028-W02",2,2028,209,"2027/2028"
"Norway","total",2028-01-23,"2028-W03",3,2028,153,"2027/2028"
"Norway","total",2028-01-30,"2028-W04",4,2028,150,"2027/2028"
"Norway","total",2028-02-06,"2028-W05",5,2028,117,"2027/2028"
"Norway","total",2028-02-13,"2028-W06",6,2028,135,"2027/2028"
"Norway","total",2028-02-20,"2028-W07",7,2028,105,"2027/2028"
"Norway","total",2028-02-27,"2028-W08",8,2028,96,"2027/2028"
"Norway","total",2028-03-05,"2028-W09",9,2028,98,"2027/2028"
"Norway","total",2028-03-12,"2028-W10",10,2028,51,"2027/2028"
"Norway","total",2028-03-19,"2028-W11",11,2028,60,"2027/2028"
"Norway","total",2028-03-26,"2028-W12",12,2028,45,"2027/2028"
"Norway","total",2028-04-02,"2028-W13",13,2028,42,"2027/2028"
"Norway","total",2028-04-09,"2028-W14",14,2028,31,"2027/2028"
"Norway","total",2028-04-16,"2028-W15",15,2028,27,"2027/2028"
"Norway","total",2028-04-23,"2028-W16",16,2028,30,"2027/2028"
"Norway","total",2028-04-30,"2028-W17",17,2028,21,"2027/2028"
"Norway","total",2028-05-07,"2028-W18",18,2028,19,"2027/2028"
"Norway","total",2028-05-14,"2028-W19",19,2028,23,"2027/2028"
"Norway","total",2028-05-21,"2028-W20",20,2028,17,"2027/2028"
"Norway","total",2028-05-28,"2028-W21",21,2028,12,"2027/2028"
"Norway","total",2028-06-04,"2028-W22",22,2028,12,"2027/2028"
"Norway","total",2028-06-11,"2028-W23",23,2028,12,"2027/2028"
"Norway","total",2028-06-18,"2028-W24",24,2028,13,"2027/2028"
"Norway","total",2028-06-25,"2028-W25",25,2028,5,"2027/2028"
"Norway","total",2028-07-02,"2028-W26",26,2028,8,"2027/2028"
"Norway","total",2028-07-09,"2028-W27",27,2028,7,"2027/2028"
"Norway","total",2028-07-16,"2028-W28",28,2028,14,"2027/2028"
"Norway","total",2028-07-23,"2028-W29",29,2028,6,"2027/2028"
"Norway","total",2028-07-30,"2028-W30",30,2028,6,"2027/2028"
"Norway","total",2028-08-06,"2028-W31",31,2028,10,"2027/2028"
"Norway","total",2028-08-13,"2028-W32",32,2028,4,"2027/2028"
"Norway","total",2028-08-20,"2028-W33",33,2028,6,"2027/2028"
"Norway","total",2028-08-27,"2028-W34",34,2028,3,"2027/2028"
"Poland","total",2026-09-06,"2026-W36",36,2026,39,"2026/2027"
"Poland","total",2026-09-13,"2026-W37",37,2026,52,"2026/2027"
"Poland","total",2026-09-20,"2026-W38",38,2026,59,"2026/2027"
"Poland","total",2026-09-27,"2026-W39",39,2026,91,"2026/2027"
"Poland","total",2026-10-04,"2026-W40",40,2026,141,"2026/2027"
"Poland","total",2026-10-11,"2026-W41",41,2026,247,"2026/2027"
"Poland","total",2026-10-18,"2026-W42",42,2026,348,"2026/2027"
"Poland","total",2026-10-25,"2026-W43",43,2026,545,"2026/2027"
"Poland","total",2026-11-01,"2026-W44",44,2026,678,"2026/2027"
"Poland","total",2026-11-08,"2026-W45",45,2026,994,"2026/2027"
"Poland","total",2026-11-15,"2026-W46",46,2026,1268,"2026/2027"
"Poland","total",2026-11-22,"2026-W47",47,2026,1474,"2026/2027"
"Poland","total",2026-11-29,"2026-W48",48,2026,1785,"2026/2027"
"Poland","total",2026-12-06,"2026-W49",49,2026,1695,"2026/2027"
"Poland","total",2026-12-13,"2026-W50",50,2026,1896,"2026/2027"
"Poland","total",2026-12-20,"2026-W51",51,2026,1678,"2026/2027"
"Poland","total",2026-12-27,"2026-W52",52,2026,1541,"2026/2027"
"Poland","total",2027-01-03,"2026-W53",53,2026,1444,"2026/2027"
"Poland","total",2027-01-10,"2027-W01",1,2027,1346,"2026/2027"
"Poland","total",2027-01-17,"2027-W02",2,2027,1051,"2026/2027"
"Poland","total",2027-01-24,"2027-W03",3,2027,819,"2026/2027"
"Poland","total",2027-01-31,"2027-W04",4,2027,722,"2026/2027"
"Poland","total",2027-02-07,"2027-W05",5,2027,632,"2026/2027"
"Poland","total",2027-02-14,"2027-W06",6,2027,546,"2026/2027"
"Poland","total",2027-02-21,"2027-W07",7,2027,490,"2026/2027"
"Poland","total",2027-02-28,"2027-W08",8,2027,501,"2026/2027"
"Poland","total",2027-03-07,"2027-W09",9,2027,437,"2026/2027"
"Poland","total",2027-03-14,"2027-W10",10,2027,360,"2026/2027"
"Poland","total",2027-03-21,"2027-W11",11,2027,300,"2026/2027"
"Poland","total",2027-03-28,"2027-W12",12,2027,240,"2026/2027"
"Poland","total",2027-04-04,"2027-W13",13,2027,253,"2026/2027"
"Poland","total",2027-04-11,"2027-W14",14,2027,213,"2026/2027"
"Poland","total",2027-04-18,"2027-W15",15,2027,154,"2026/2027"
"Poland","total",2027-04-25,"2027-W16",16,2027,127,"2026/2027"
"Poland","total",2027-05-02,"2027-W17",17,2027,133,"2026/2027"
"Poland","total",2027-05-09,"2027-W18",18,2027,117,"2026/2027"
"Poland","total",2027-05-16,"2027-W19",19,2027,97,"2026/2027"
"Poland","total",2027-05-23,"2027-W20",20,2027,101,"2026/2027"
"Poland","total",2027-05-30,"2027-W21",21,2027,65,"2026/2027"
"Poland","total",2027-06-06,"2027-W22",22,2027,58,"2026/2027"
"Poland","total",2027-06-13,"2027-W23",23,2027,45,"2026/2027"
"Poland","total",2027-06-20,"2027-W24",24,2027,41,"2026/2027"
"Poland","total",2027-06-27,"2027-W25",25,2027,47,"2026/2027"
"Poland","total",2027-07-04,"2027-W26",26,2027,51,"2026/2027"
"Poland","total",2027-07-11,"2027-W27",27,2027,48,"2026/2027"
"Poland","total",2027-07-18,"2027-W28",28,2027,45,"2026/2027"
"Poland","total",2027-07-25,"2027-W29",29,2027,45,"2026/2027"
"Poland","total",2027-08-01,"2027-W30",30,2027,53,"2026/2027"
"Poland","total",2027-08-08,"2027-W31",31,2027,39,"2026/2027"
"Poland","total",2027-08-15,"2027-W32",32,2027,48,"2026/2027"
"Poland","total",2027-08-22,"2027-W33",33,2027,32,"2026/2027"
"Poland","total",2027-08-29,"2027-W34",34,2027,27,"2026/2027"
"Poland","total",2027-09-05,"2027-W35",35,2027,39,"2027/2028"
"Poland","total",2027-09-12,"2027-W36",36,2027,52,"2027/2028"
"Poland","total",2027-09-19,"2027-W37",37,2027,59,"2027/2028"
"Poland","total",2027-09-26,"2027-W38",38,2027,91,"2027/2028"
"Poland","total",2027-10-03,"2027-W39",39,2027,141,"2027/2028"
"Poland","total",2027-10-10,"2027-W40",40,2027,247,"2027/2028"
"Poland","total",2027-10-17,"2027-W41",41,2027,348,"2027/2028"
"Poland","total",2027-10-24,"2027-W42",42,2027,545,"2027/2028"
"Poland","total",2027-10-31,"2027-W43",43,2027,678,"2027/2028"
"Poland","total",2027-11-07,"2027-W44",44,2027,994,"2027/2028"
"Poland","total",2027-11-14,"2027-W45",45,2027,1268,"2027/2028"
"Poland","total",2027-11-21,"2027-W46",46,2027,1474,"2027/2028"
"Poland","total",2027-11-28,"2027-W47",47,2027,1785,"2027/2028"
"Poland","total",2027-12-05,"2027-W48",48,2027,1695,"2027/2028"
"Poland","total",2027-12-12,"2027-W49",49,2027,1896,"2027/2028"
"Poland","total",2027-12-19,"2027-W50",50,2027,1678,"2027/2028"
"Poland","total",2027-12-26,"2027-W51",51,2027,1541,"2027/2028"
"Poland","total",2028-01-02,"2027-W52",52,2027,1444,"2027/2028"
"Poland","total",2028-01-09,"2028-W01",1,2028,1346,"2027/2028"
"Poland","total",2028-01-16,"2028-W02",2,2028,1051,"2027/2028"
"Poland","total",2028-01-23,"2028-W03",3,2028,819,"2027/2028"
"Poland","total",2028-01-30,"2028-W04",4,2028,722,"2027/2028"
"Poland","total",2028-02-06,"2028-W05",5,2028,632,"2027/2028"
"Poland","total",2028-02-13,"2028-W06",6,2028,546,"2027/2028"
"Poland","total",2028-02-20,"2028-W07",7,2028,490,"2027/2028"
"Poland","total",2028-02-27,"2028-W08",8,2028,501,"2027/2028"
"Poland","total",2028-03-05,"2028-W09",9,2028,437,"2027/2028"
"Poland","total",2028-03-12,"2028-W10",10,2028,360,"2027/2028"
"Poland","total",2028-03-19,"2028-W11",11,2028,300,"2027/2028"
"Poland","total",2028-03-26,"2028-W12",12,2028,240,"2027/2028"
"Poland","total",2028-04-02,"2028-W13",13,2028,253,"2027/2028"
"Poland","total",2028-04-09,"2028-W14",14,2028,213,"2027/2028"
"Poland","total",2028-04-16,"2028-W15",15,2028,154,"2027/2028"
"Poland","total",2028-04-23,"2028-W16",16,2028,127,"2027/2028"
"Poland","total",2028-04-30,"2028-W17",17,2028,133,"2027/2028"
"Poland","total",2028-05-07,"2028-W18",18,2028,117,"2027/2028"
"Poland","total",2028-05-14,"2028-W19",19,2028,97,"2027/2028"
"Poland","total",2028-05-21,"2028-W20",20,2028,101,"2027/2028"
"Poland","total",2028-05-28,"2028-W21",21,2028,65,"2027/2028"
"Poland","total",2028-06-04,"2028-W22",22,2028,58,"2027/2028"
"Poland","total",2028-06-11,"2028-W23",23,2028,45,"2027/2028"
"Poland","total",2028-06-18,"2028-W24",24,2028,41,"2027/2028"
"Poland","total",2028-06-25,"2028-W25",25,2028,47,"2027/2028"
"Poland","total",2028-07-02,"2028-W26",26,2028,51,"2027/2028"
"Poland","total",2028-07-09,"2028-W27",27,2028,48,"2027/2028"
"Poland","total",2028-07-16,"2028-W28",28,2028,45,"2027/2028"
"Poland","total",2028-07-23,"2028-W29",29,2028,45,"2027/2028"
"Poland","total",2028-07-30,"2028-W30",30,2028,53,"2027/2028"
"Poland","total",2028-08-06,"2028-W31",31,2028,39,"2027/2028"
"Poland","total",2028-08-13,"2028-W32",32,2028,48,"2027/2028"
"Poland","total",2028-08-20,"2028-W33",33,2028,32,"2027/2028"
"Poland","total",2028-08-27,"2028-W34",34,2028,27,"2027/2028"
"Portugal","total",2026-09-06,"2026-W36",36,2026,11,"2026/2027"
"Portugal","total",2026-09-13,"2026-W37",37,2026,20,"2026/2027"
"Portugal","total",2026-09-20,"2026-W38",38,2026,18,"2026/2027"
"Portugal","total",2026-09-27,"2026-W39",39,2026,34,"2026/2027"
"Portugal","total",2026-10-04,"2026-W40",40,2026,54,"2026/2027"
"Portugal","total",2026-10-11,"2026-W41",41,2026,82,"2026/2027"
"Portugal","total",2026-10-18,"2026-W42",42,2026,105,"2026/2027"
"Portugal","total",2026-10-25,"2026-W43",43,2026,179,"2026/2027"
"Portugal","total",2026-11-01,"2026-W44",44,2026,243,"2026/2027"
"Portugal","total",2026-11-08,"2026-W45",45,2026,329,"2026/2027"
"Portugal","total",2026-11-15,"2026-W46",46,2026,395,"2026/2027"
"Portugal","total",2026-11-22,"2026-W47",47,2026,497,"2026/2027"
"Portugal","total",2026-11-29,"2026-W48",48,2026,591,"2026/2027"
"Portugal","total",2026-12-06,"2026-W49",49,2026,557,"2026/2027"
"Portugal","total",2026-12-13,"2026-W50",50,2026,625,"2026/2027"
"Portugal","total",2026-12-20,"2026-W51",51,2026,588,"2026/2027"
"Portugal","total",2026-12-27,"2026-W52",52,2026,521,"2026/2027"
"Portugal","total",2027-01-03,"2026-W53",53,2026,461,"2026/2027"
"Portugal","total",2027-01-10,"2027-W01",1,2027,450,"2026/2027"
"Portugal","total",2027-01-17,"2027-W02",2,2027,370,"2026/2027"
"Portugal","total",2027-01-24,"2027-W03",3,2027,266,"2026/2027"
"Portugal","total",2027-01-31,"2027-W04",4,2027,243,"2026/2027"
"Portugal","total",2027-02-07,"2027-W05",5,2027,219,"2026/2027"
"Portugal","total",2027-02-14,"2027-W06",6,2027,192,"2026/2027"
"Portugal","total",2027-02-21,"2027-W07",7,2027,154,"2026/2027"
"Portugal","total",2027-02-28,"2027-W08",8,2027,159,"2026/2027"
"Portugal","total",2027-03-07,"2027-W09",9,2027,141,"2026/2027"
"Portugal","total",2027-03-14,"2027-W10",10,2027,106,"2026/2027"
"Portugal","total",2027-03-21,"2027-W11",11,2027,85,"2026/2027"
"Portugal","total",2027-03-28,"2027-W12",12,2027,96,"2026/2027"
"Portugal","total",2027-04-04,"2027-W13",13,2027,76,"2026/2027"
"Portugal","total",2027-04-11,"2027-W14",14,2027,59,"2026/2027"
"Portugal","total",2027-04-18,"2027-W15",15,2027,49,"2026/2027"
"Portugal","total",2027-04-25,"2027-W16",16,2027,50,"2026/2027"
"Portugal","total",2027-05-02,"2027-W17",17,2027,40,"2026/2027"
"Portugal","total",2027-05-09,"2027-W18",18,2027,35,"2026/2027"
"Portugal","total",2027-05-16,"2027-W19",19,2027,41,"2026/2027"
"Portugal","total",2027-05-23,"2027-W20",20,2027,17,"2026/2027"
"Portugal","total",2027-05-30,"2027-W21",21,2027,21,"2026/2027"
"Portugal","total",2027-06-06,"2027-W22",22,2027,16,"2026/2027"
"Portugal","total",2027-06-13,"2027-W23",23,2027,23,"2026/2027"
"Portugal","total",2027-06-20,"2027-W24",24,2027,11,"2026/2027"
"Portugal","total",2027-06-27,"2027-W25",25,2027,7,"2026/2027"
"Portugal","total",2027-07-04,"2027-W26",26,2027,11,"2026/2027"
"Portugal","total",2027-07-11,"2027-W27",27,2027,15,"2026/2027"
"Portugal","total",2027-07-18,"2027-W28",28,2027,18,"2026/2027"
"Portugal","total",2027-07-25,"2027-W29",29,2027,8,"2026/2027"
"Portugal","total",2027-08-01,"2027-W30",30,2027,15,"2026/2027"
"Portugal","total",2027-08-08,"2027-W31",31,2027,13,"2026/2027"
"Portugal","total",2027-08-15,"2027-W32",32,2027,16,"2026/2027"
"Portugal","total",2027-08-22,"2027-W33",33,2027,15,"2026/2027"
"Portugal","total",2027-08-29,"2027-W34",34,2027,10,"2026/2027"
"Portugal","total",2027-09-05,"2027-W35",35,2027,11,"2027/2028"
"Portugal","total",2027-09-12,"2027-W36",36,2027,20,"2027/2028"
"Portugal","total",2027-09-19,"2027-W37",37,2027,18,"2027/2028"
"Portugal","total",2027-09-26,"2027-W38",38,2027,34,"2027/2028"
"Portugal","total",2027-10-03,"2027-W39",39,2027,54,"2027/2028"
"Portugal","total",2027-10-10,"2027-W40",40,2027,82,"2027/2028"
"Portugal","total",2027-10-17,"2027-W41",41,2027,105,"2027/2028"
"Portugal","total",2027-10-24,"2027-W42",42,2027,179,"2027/2028"
"Portugal","total",2027-10-31,"2027-W43",43,2027,243,"2027/2028"
"Portugal","total",2027-11-07,"2027-W44",44,2027,329,"2027/2028"
"Portugal","total",2027-11-14,"2027-W45",45,2027,395,"2027/2028"
"Portugal","total",2027-11-21,"2027-W46",46,2027,497,"2027/2028"
"Portugal","total",2027-11-28,"2027-W47",47,2027,591,"2027/2028"
"Portugal","total",2027-12-05,"2027-W48",48,2027,557,"2027/2028"
"Portugal","total",2027-12-12,"2027-W49",49,2027,625,"2027/2028"
"Portugal","total",2027-12-19,"2027-W50",50,2027,588,"2027/2028"
"Portugal","total",2027-12-26,"2027-W51",51,2027,521,"2027/2028"
"Portugal","total",2028-01-02,"2027-W52",52,2027,461,"2027/2028"
"Portugal","total",2028-01-09,"2028-W01",1,2028,450,"2027/2028"
"Portugal","total",2028-01-16,"2028-W02",2,2028,370,"2027/2028"
"Portugal","total",2028-01-23,"2028-W03",3,2028,266,"2027/2028"
"Portugal","total",2028-01-30,"2028-W04",4,2028,243,"2027/2028"
"Portugal","total",2028-02-06,"2028-W05",5,2028,219,"2027/2028"
"Portugal","total",2028-02-13,"2028-W06",6,2028,192,"2027/2028"
"Portugal","total",2028-02-20,"2028-W07",7,2028,154,"2027/2028"
"Portugal","total",2028-02-27,"2028-W08",8,2028,159,"2027/2028"
"Portugal","total",2028-03-05,"2028-W09",9,2028,141,"2027/2028"
"Portugal","total",2028-03-12,"2028-W10",10,2028,106,"2027/2028"
"Portugal","total",2028-03-19,"2028-W11",11,2028,85,"2027/2028"
"Portugal","total",2028-03-26,"2028-W12",12,2028,96,"2027/2028"
"Portugal","total",2028-04-02,"2028-W13",13,2028,76,"2027/2028"
"Portugal","total",2028-04-09,"2028-W14",14,2028,59,"2027/2028"
"Portugal","total",2028-04-16,"2028-W15",15,2028,49,"2027/2028"
"Portugal","total",2028-04-23,"2028-W16",16,2028,50,"2027/2028"
"Portugal","total",2028-04-30,"2028-W17",17,2028,40,"2027/2028"
"Portugal","total",2028-05-07,"2028-W18",18,2028,35,"2027/2028"
"Portugal","total",2028-05-14,"2028-W19",19,2028,41,"2027/2028"
"Portugal","total",2028-05-21,"2028-W20",20,2028,17,"2027/2028"
"Portugal","total",2028-05-28,"2028-W21",21,2028,21,"2027/2028"
"Portugal","total",2028-06-04,"2028-W22",22,2028,16,"2027/2028"
"Portugal","total",2028-06-11,"2028-W23",23,2028,23,"2027/2028"
"Portugal","total",2028-06-18,"2028-W24",24,2028,11,"2027/2028"
"Portugal","total",2028-06-25,"2028-W25",25,2028,7,"2027/2028"
"Portugal","total",2028-07-02,"2028-W26",26,2028,11,"2027/2028"
"Portugal","total",2028-07-09,"2028-W27",27,2028,15,"2027/2028"
"Portugal","total",2028-07-16,"2028-W28",28,2028,18,"2027/2028"
"Portugal","total",2028-07-23,"2028-W29",29,2028,8,"2027/2028"
"Portugal","total",2028-07-30,"2028-W30",30,2028,15,"2027/2028"
"Portugal","total",2028-08-06,"2028-W31",31,2028,13,"2027/2028"
"Portugal","total",2028-08-13,"2028-W32",32,2028,16,"2027/2028"
"Portugal","total",2028-08-20,"2028-W33",33,2028,15,"2027/2028"
"Portugal","total",2028-08-27,"2028-W34",34,2028,10,"2027/2028"
"Romania","total",2026-09-06,"2026-W36",36,2026,27,"2026/2027"
"Romania","total",2026-09-13,"2026-W37",37,2026,30,"2026/2027"
"Romania","total",2026-09-20,"2026-W38",38,2026,30,"2026/2027"
"Romania","total",2026-09-27,"2026-W39",39,2026,53,"2026/2027"
"Romania","total",2026-10-04,"2026-W40",40,2026,83,"2026/2027"
"Romania","total",2026-10-11,"2026-W41",41,2026,123,"2026/2027"
"Romania","total",2026-10-18,"2026-W42",42,2026,202,"2026/2027"
"Romania","total",2026-10-25,"2026-W43",43,2026,298,"2026/2027"
"Romania","total",2026-11-01,"2026-W44",44,2026,414,"2026/2027"
"Romania","total",2026-11-08,"2026-W45",45,2026,537,"2026/2027"
"Romania","total",2026-11-15,"2026-W46",46,2026,718,"2026/2027"
"Romania","total",2026-11-22,"2026-W47",47,2026,901,"2026/2027"
"Romania","total",2026-11-29,"2026-W48",48,2026,1029,"2026/2027"
"Romania","total",2026-12-06,"2026-W49",49,2026,1112,"2026/2027"
"Romania","total",2026-12-13,"2026-W50",50,2026,1110,"2026/2027"
"Romania","total",2026-12-20,"2026-W51",51,2026,1032,"2026/2027"
"Romania","total",2026-12-27,"2026-W52",52,2026,933,"2026/2027"
"Romania","total",2027-01-03,"2026-W53",53,2026,883,"2026/2027"
"Romania","total",2027-01-10,"2027-W01",1,2027,789,"2026/2027"
"Romania","total",2027-01-17,"2027-W02",2,2027,609,"2026/2027"
"Romania","total",2027-01-24,"2027-W03",3,2027,478,"2026/2027"
"Romania","total",2027-01-31,"2027-W04",4,2027,422,"2026/2027"
"Romania","total",2027-02-07,"2027-W05",5,2027,351,"2026/2027"
"Romania","total",2027-02-14,"2027-W06",6,2027,353,"2026/2027"
"Romania","total",2027-02-21,"2027-W07",7,2027,297,"2026/2027"
"Romania","total",2027-02-28,"2027-W08",8,2027,291,"2026/2027"
"Romania","total",2027-03-07,"2027-W09",9,2027,222,"2026/2027"
"Romania","total",2027-03-14,"2027-W10",10,2027,185,"2026/2027"
"Romania","total",2027-03-21,"2027-W11",11,2027,176,"2026/2027"
"Romania","total",2027-03-28,"2027-W12",12,2027,151,"2026/2027"
"Romania","total",2027-04-04,"2027-W13",13,2027,133,"2026/2027"
"Romania","total",2027-04-11,"2027-W14",14,2027,123,"2026/2027"
"Romania","total",2027-04-18,"2027-W15",15,2027,111,"2026/2027"
"Romania","total",2027-04-25,"2027-W16",16,2027,78,"2026/2027"
"Romania","total",2027-05-02,"2027-W17",17,2027,72,"2026/2027"
"Romania","total",2027-05-09,"2027-W18",18,2027,60,"2026/2027"
"Romania","total",2027-05-16,"2027-W19",19,2027,38,"2026/2027"
"Romania","total",2027-05-23,"2027-W20",20,2027,54,"2026/2027"
"Romania","total",2027-05-30,"2027-W21",21,2027,43,"2026/2027"
"Romania","total",2027-06-06,"2027-W22",22,2027,37,"2026/2027"
"Romania","total",2027-06-13,"2027-W23",23,2027,27,"2026/2027"
"Romania","total",2027-06-20,"2027-W24",24,2027,31,"2026/2027"
"Romania","total",2027-06-27,"2027-W25",25,2027,22,"2026/2027"
"Romania","total",2027-07-04,"2027-W26",26,2027,20,"2026/2027"
"Romania","total",2027-07-11,"2027-W27",27,2027,29,"2026/2027"
"Romania","total",2027-07-18,"2027-W28",28,2027,29,"2026/2027"
"Romania","total",2027-07-25,"2027-W29",29,2027,17,"2026/2027"
"Romania","total",2027-08-01,"2027-W30",30,2027,35,"2026/2027"
"Romania","total",2027-08-08,"2027-W31",31,2027,18,"2026/2027"
"Romania","total",2027-08-15,"2027-W32",32,2027,19,"2026/2027"
"Romania","total",2027-08-22,"2027-W33",33,2027,23,"2026/2027"
"Romania","total",2027-08-29,"2027-W34",34,2027,15,"2026/2027"
"Romania","total",2027-09-05,"2027-W35",35,2027,27,"2027/2028"
"Romania","total",2027-09-12,"2027-W36",36,2027,30,"2027/2028"
"Romania","total",2027-09-19,"2027-W37",37,2027,30,"2027/2028"
"Romania","total",2027-09-26,"2027-W38",38,2027,53,"2027/2028"
"Romania","total",2027-10-03,"2027-W39",39,2027,83,"2027/2028"
"Romania","total",2027-10-10,"2027-W40",40,2027,123,"2027/2028"
"Romania","total",2027-10-17,"2027-W41",41,2027,202,"2027/2028"
"Romania","total",2027-10-24,"2027-W42",42,2027,298,"2027/2028"
"Romania","total",2027-10-31,"2027-W43",43,2027,414,"2027/2028"
"Romania","total",2027-11-07,"2027-W44",44,2027,537,"2027/2028"
"Romania","total",2027-11-14,"2027-W45",45,2027,718,"2027/2028"
"Romania","total",2027-11-21,"2027-W46",46,2027,901,"2027/2028"
"Romania","total",2027-11-28,"2027-W47",47,2027,1029,"2027/2028"
"Romania","total",2027-12-05,"2027-W48",48,2027,1112,"2027/2028"
"Romania","total",2027-12-12,"2027-W49",49,2027,1110,"2027/2028"
"Romania","total",2027-12-19,"2027-W50",50,2027,1032,"2027/2028"
"Romania","total",2027-12-26,"2027-W51",51,2027,933,"2027/2028"
"Romania","total",2028-01-02,"2027-W52",52,2027,883,"2027/2028"
"Romania","total",2028-01-09,"2028-W01",1,2028,789,"2027/2028"
"Romania","total",2028-01-16,"2028-W02",2,2028,609,"2027/2028"
"Romania","total",2028-01-23,"2028-W03",3,2028,478,"2027/2028"
"Romania","total",2028-01-30,"2028-W04",4,2028,422,"2027/2028"
"Romania","total",2028-02-06,"2028-W05",5,2028,351,"2027/2028"
"Romania","total",2028-02-13,"2028-W06",6,2028,353,"2027/2028"
"Romania","total",2028-02-20,"2028-W07",7,2028,297,"2027/2028"
"Romania","total",2028-02-27,"2028-W08",8,2028,291,"2027/2028"
"Romania","total",2028-03-05,"2028-W09",9,2028,222,"2027/2028"
"Romania","total",2028-03-12,"2028-W10",10,2028,185,"2027/2028"
"Romania","total",2028-03-19,"2028-W11",11,2028,176,"2027/2028"
"Romania","total",2028-03-26,"2028-W12",12,2028,151,"2027/2028"
"Romania","total",2028-04-02,"2028-W13",13,2028,133,"2027/2028"
"Romania","total",2028-04-09,"2028-W14",14,2028,123,"2027/2028"
"Romania","total",2028-04-16,"2028-W15",15,2028,111,"2027/2028"
"Romania","total",2028-04-23,"2028-W16",16,2028,78,"2027/2028"
"Romania","total",2028-04-30,"2028-W17",17,2028,72,"2027/2028"
"Romania","total",2028-05-07,"2028-W18",18,2028,60,"2027/2028"
"Romania","total",2028-05-14,"2028-W19",19,2028,38,"2027/2028"
"Romania","total",2028-05-21,"2028-W20",20,2028,54,"2027/2028"
"Romania","total",2028-05-28,"2028-W21",21,2028,43,"2027/2028"
"Romania","total",2028-06-04,"2028-W22",22,2028,37,"2027/2028"
"Romania","total",2028-06-11,"2028-W23",23,2028,27,"2027/2028"
"Romania","total",2028-06-18,"2028-W24",24,2028,31,"2027/2028"
"Romania","total",2028-06-25,"2028-W25",25,2028,22,"2027/2028"
"Romania","total",2028-07-02,"2028-W26",26,2028,20,"2027/2028"
"Romania","total",2028-07-09,"2028-W27",27,2028,29,"2027/2028"
"Romania","total",2028-07-16,"2028-W28",28,2028,29,"2027/2028"
"Romania","total",2028-07-23,"2028-W29",29,2028,17,"2027/2028"
"Romania","total",2028-07-30,"2028-W30",30,2028,35,"2027/2028"
"Romania","total",2028-08-06,"2028-W31",31,2028,18,"2027/2028"
"Romania","total",2028-08-13,"2028-W32",32,2028,19,"2027/2028"
"Romania","total",2028-08-20,"2028-W33",33,2028,23,"2027/2028"
"Romania","total",2028-08-27,"2028-W34",34,2028,15,"2027/2028"
"Slovakia","total",2026-09-06,"2026-W36",36,2026,18,"2026/2027"
"Slovakia","total",2026-09-13,"2026-W37",37,2026,7,"2026/2027"
"Slovakia","total",2026-09-20,"2026-W38",38,2026,15,"2026/2027"
"Slovakia","total",2026-09-27,"2026-W39",39,2026,10,"2026/2027"
"Slovakia","total",2026-10-04,"2026-W40",40,2026,28,"2026/2027"
"Slovakia","total",2026-10-11,"2026-W41",41,2026,30,"2026/2027"
"Slovakia","total",2026-10-18,"2026-W42",42,2026,44,"2026/2027"
"Slovakia","total",2026-10-25,"2026-W43",43,2026,88,"2026/2027"
"Slovakia","total",2026-11-01,"2026-W44",44,2026,115,"2026/2027"
"Slovakia","total",2026-11-08,"2026-W45",45,2026,158,"2026/2027"
"Slovakia","total",2026-11-15,"2026-W46",46,2026,228,"2026/2027"
"Slovakia","total",2026-11-22,"2026-W47",47,2026,262,"2026/2027"
"Slovakia","total",2026-11-29,"2026-W48",48,2026,298,"2026/2027"
"Slovakia","total",2026-12-06,"2026-W49",49,2026,307,"2026/2027"
"Slovakia","total",2026-12-13,"2026-W50",50,2026,281,"2026/2027"
"Slovakia","total",2026-12-20,"2026-W51",51,2026,287,"2026/2027"
"Slovakia","total",2026-12-27,"2026-W52",52,2026,256,"2026/2027"
"Slovakia","total",2027-01-03,"2026-W53",53,2026,270,"2026/2027"
"Slovakia","total",2027-01-10,"2027-W01",1,2027,238,"2026/2027"
"Slovakia","total",2027-01-17,"2027-W02",2,2027,172,"2026/2027"
"Slovakia","total",2027-01-24,"2027-W03",3,2027,136,"2026/2027"
"Slovakia","total",2027-01-31,"2027-W04",4,2027,130,"2026/2027"
"Slovakia","total",2027-02-07,"2027-W05",5,2027,119,"2026/2027"
"Slovakia","total",2027-02-14,"2027-W06",6,2027,108,"2026/2027"
"Slovakia","total",2027-02-21,"2027-W07",7,2027,77,"2026/2027"
"Slovakia","total",2027-02-28,"2027-W08",8,2027,75,"2026/2027"
"Slovakia","total",2027-03-07,"2027-W09",9,2027,60,"2026/2027"
"Slovakia","total",2027-03-14,"2027-W10",10,2027,72,"2026/2027"
"Slovakia","total",2027-03-21,"2027-W11",11,2027,41,"2026/2027"
"Slovakia","total",2027-03-28,"2027-W12",12,2027,49,"2026/2027"
"Slovakia","total",2027-04-04,"2027-W13",13,2027,46,"2026/2027"
"Slovakia","total",2027-04-11,"2027-W14",14,2027,30,"2026/2027"
"Slovakia","total",2027-04-18,"2027-W15",15,2027,29,"2026/2027"
"Slovakia","total",2027-04-25,"2027-W16",16,2027,26,"2026/2027"
"Slovakia","total",2027-05-02,"2027-W17",17,2027,21,"2026/2027"
"Slovakia","total",2027-05-09,"2027-W18",18,2027,21,"2026/2027"
"Slovakia","total",2027-05-16,"2027-W19",19,2027,12,"2026/2027"
"Slovakia","total",2027-05-23,"2027-W20",20,2027,17,"2026/2027"
"Slovakia","total",2027-05-30,"2027-W21",21,2027,15,"2026/2027"
"Slovakia","total",2027-06-06,"2027-W22",22,2027,11,"2026/2027"
"Slovakia","total",2027-06-13,"2027-W23",23,2027,6,"2026/2027"
"Slovakia","total",2027-06-20,"2027-W24",24,2027,5,"2026/2027"
"Slovakia","total",2027-06-27,"2027-W25",25,2027,12,"2026/2027"
"Slovakia","total",2027-07-04,"2027-W26",26,2027,8,"2026/2027"
"Slovakia","total",2027-07-11,"2027-W27",27,2027,8,"2026/2027"
"Slovakia","total",2027-07-18,"2027-W28",28,2027,9,"2026/2027"
"Slovakia","total",2027-07-25,"2027-W29",29,2027,4,"2026/2027"
"Slovakia","total",2027-08-01,"2027-W30",30,2027,11,"2026/2027"
"Slovakia","total",2027-08-08,"2027-W31",31,2027,6,"2026/2027"
"Slovakia","total",2027-08-15,"2027-W32",32,2027,6,"2026/2027"
"Slovakia","total",2027-08-22,"2027-W33",33,2027,12,"2026/2027"
"Slovakia","total",2027-08-29,"2027-W34",34,2027,7,"2026/2027"
"Slovakia","total",2027-09-05,"2027-W35",35,2027,18,"2027/2028"
"Slovakia","total",2027-09-12,"2027-W36",36,2027,7,"2027/2028"
"Slovakia","total",2027-09-19,"2027-W37",37,2027,15,"2027/2028"
"Slovakia","total",2027-09-26,"2027-W38",38,2027,10,"2027/2028"
"Slovakia","total",2027-10-03,"2027-W39",39,2027,28,"2027/2028"
"Slovakia","total",2027-10-10,"2027-W40",40,2027,30,"2027/2028"
"Slovakia","total",2027-10-17,"2027-W41",41,2027,44,"2027/2028"
"Slovakia","total",2027-10-24,"2027-W42",42,2027,88,"2027/2028"
"Slovakia","total",2027-10-31,"2027-W43",43,2027,115,"2027/2028"
"Slovakia","total",2027-11-07,"2027-W44",44,2027,158,"2027/2028"
"Slovakia","total",2027-11-14,"2027-W45",45,2027,228,"2027/2028"
"Slovakia","total",2027-11-21,"2027-W46",46,2027,262,"2027/2028"
"Slovakia","total",2027-11-28,"2027-W47",47,2027,298,"2027/2028"
"Slovakia","total",2027-12-05,"2027-W48",48,2027,307,"2027/2028"
"Slovakia","total",2027-12-12,"2027-W49",49,2027,281,"2027/2028"
"Slovakia","total",2027-12-19,"2027-W50",50,2027,287,"2027/2028"
"Slovakia","total",2027-12-26,"2027-W51",51,2027,256,"2027/2028"
"Slovakia","total",2028-01-02,"2027-W52",52,2027,270,"2027/2028"
"Slovakia","total",2028-01-09,"2028-W01",1,2028,238,"2027/2028"
"Slovakia","total",2028-01-16,"2028-W02",2,2028,172,"2027/2028"
"Slovakia","total",2028-01-23,"2028-W03",3,2028,136,"2027/2028"
"Slovakia","total",2028-01-30,"2028-W04",4,2028,130,"2027/2028"
"Slovakia","total",2028-02-06,"2028-W05",5,2028,119,"2027/2028"
"Slovakia","total",2028-02-13,"2028-W06",6,2028,108,"2027/2028"
"Slovakia","total",2028-02-20,"2028-W07",7,2028,77,"2027/2028"
"Slovakia","total",2028-02-27,"2028-W08",8,2028,75,"2027/2028"
"Slovakia","total",2028-03-05,"2028-W09",9,2028,60,"2027/2028"
"Slovakia","total",2028-03-12,"2028-W10",10,2028,72,"2027/2028"
"Slovakia","total",2028-03-19,"2028-W11",11,2028,41,"2027/2028"
"Slovakia","total",2028-03-26,"2028-W12",12,2028,49,"2027/2028"
"Slovakia","total",2028-04-02,"2028-W13",13,2028,46,"2027/2028"
"Slovakia","total",2028-04-09,"2028-W14",14,2028,30,"2027/2028"
"Slovakia","total",2028-04-16,"2028-W15",15,2028,29,"2027/2028"
"Slovakia","total",2028-04-23,"2028-W16",16,2028,26,"2027/2028"
"Slovakia","total",2028-04-30,"2028-W17",17,2028,21,"2027/2028"
"Slovakia","total",2028-05-07,"2028-W18",18,2028,21,"2027/2028"
"Slovakia","total",2028-05-14,"2028-W19",19,2028,12,"2027/2028"
"Slovakia","total",2028-05-21,"2028-W20",20,2028,17,"2027/2028"
"Slovakia","total",2028-05-28,"2028-W21",21,2028,15,"2027/2028"
"Slovakia","total",2028-06-04,"2028-W22",22,2028,11,"2027/2028"
"Slovakia","total",2028-06-11,"2028-W23",23,2028,6,"2027/2028"
"Slovakia","total",2028-06-18,"2028-W24",24,2028,5,"2027/2028"
"Slovakia","total",2028-06-25,"2028-W25",25,2028,12,"2027/2028"
"Slovakia","total",2028-07-02,"2028-W26",26,2028,8,"2027/2028"
"Slovakia","total",2028-07-09,"2028-W27",27,2028,8,"2027/2028"
"Slovakia","total",2028-07-16,"2028-W28",28,2028,9,"2027/2028"
"Slovakia","total",2028-07-23,"2028-W29",29,2028,4,"2027/2028"
"Slovakia","total",2028-07-30,"2028-W30",30,2028,11,"2027/2028"
"Slovakia","total",2028-08-06,"2028-W31",31,2028,6,"2027/2028"
"Slovakia","total",2028-08-13,"2028-W32",32,2028,6,"2027/2028"
"Slovakia","total",2028-08-20,"2028-W33",33,2028,12,"2027/2028"
"Slovakia","total",2028-08-27,"2028-W34",34,2028,7,"2027/2028"
"Slovenia","total",2026-09-06,"2026-W36",36,2026,1,"2026/2027"
"Slovenia","total",2026-09-13,"2026-W37",37,2026,3,"2026/2027"
"Slovenia","total",2026-09-20,"2026-W38",38,2026,3,"2026/2027"
"Slovenia","total",2026-09-27,"2026-W39",39,2026,6,"2026/2027"
"Slovenia","total",2026-10-04,"2026-W40",40,2026,10,"2026/2027"
"Slovenia","total",2026-10-11,"2026-W41",41,2026,11,"2026/2027"
"Slovenia","total",2026-10-18,"2026-W42",42,2026,17,"2026/2027"
"Slovenia","total",2026-10-25,"2026-W43",43,2026,21,"2026/2027"
"Slovenia","total",2026-11-01,"2026-W44",44,2026,36,"2026/2027"
"Slovenia","total",2026-11-08,"2026-W45",45,2026,48,"2026/2027"
"Slovenia","total",2026-11-15,"2026-W46",46,2026,65,"2026/2027"
"Slovenia","total",2026-11-22,"2026-W47",47,2026,101,"2026/2027"
"Slovenia","total",2026-11-29,"2026-W48",48,2026,114,"2026/2027"
"Slovenia","total",2026-12-06,"2026-W49",49,2026,102,"2026/2027"
"Slovenia","total",2026-12-13,"2026-W50",50,2026,122,"2026/2027"
"Slovenia","total",2026-12-20,"2026-W51",51,2026,113,"2026/2027"
"Slovenia","total",2026-12-27,"2026-W52",52,2026,89,"2026/2027"
"Slovenia","total",2027-01-03,"2026-W53",53,2026,96,"2026/2027"
"Slovenia","total",2027-01-10,"2027-W01",1,2027,90,"2026/2027"
"Slovenia","total",2027-01-17,"2027-W02",2,2027,74,"2026/2027"
"Slovenia","total",2027-01-24,"2027-W03",3,2027,41,"2026/2027"
"Slovenia","total",2027-01-31,"2027-W04",4,2027,53,"2026/2027"
"Slovenia","total",2027-02-07,"2027-W05",5,2027,43,"2026/2027"
"Slovenia","total",2027-02-14,"2027-W06",6,2027,33,"2026/2027"
"Slovenia","total",2027-02-21,"2027-W07",7,2027,34,"2026/2027"
"Slovenia","total",2027-02-28,"2027-W08",8,2027,36,"2026/2027"
"Slovenia","total",2027-03-07,"2027-W09",9,2027,19,"2026/2027"
"Slovenia","total",2027-03-14,"2027-W10",10,2027,20,"2026/2027"
"Slovenia","total",2027-03-21,"2027-W11",11,2027,17,"2026/2027"
"Slovenia","total",2027-03-28,"2027-W12",12,2027,18,"2026/2027"
"Slovenia","total",2027-04-04,"2027-W13",13,2027,14,"2026/2027"
"Slovenia","total",2027-04-11,"2027-W14",14,2027,10,"2026/2027"
"Slovenia","total",2027-04-18,"2027-W15",15,2027,7,"2026/2027"
"Slovenia","total",2027-04-25,"2027-W16",16,2027,11,"2026/2027"
"Slovenia","total",2027-05-02,"2027-W17",17,2027,7,"2026/2027"
"Slovenia","total",2027-05-09,"2027-W18",18,2027,11,"2026/2027"
"Slovenia","total",2027-05-16,"2027-W19",19,2027,4,"2026/2027"
"Slovenia","total",2027-05-23,"2027-W20",20,2027,7,"2026/2027"
"Slovenia","total",2027-05-30,"2027-W21",21,2027,4,"2026/2027"
"Slovenia","total",2027-06-06,"2027-W22",22,2027,3,"2026/2027"
"Slovenia","total",2027-06-13,"2027-W23",23,2027,5,"2026/2027"
"Slovenia","total",2027-06-20,"2027-W24",24,2027,2,"2026/2027"
"Slovenia","total",2027-06-27,"2027-W25",25,2027,2,"2026/2027"
"Slovenia","total",2027-07-04,"2027-W26",26,2027,4,"2026/2027"
"Slovenia","total",2027-07-11,"2027-W27",27,2027,6,"2026/2027"
"Slovenia","total",2027-07-18,"2027-W28",28,2027,4,"2026/2027"
"Slovenia","total",2027-07-25,"2027-W29",29,2027,2,"2026/2027"
"Slovenia","total",2027-08-01,"2027-W30",30,2027,4,"2026/2027"
"Slovenia","total",2027-08-08,"2027-W31",31,2027,0,"2026/2027"
"Slovenia","total",2027-08-15,"2027-W32",32,2027,1,"2026/2027"
"Slovenia","total",2027-08-22,"2027-W33",33,2027,2,"2026/2027"
"Slovenia","total",2027-08-29,"2027-W34",34,2027,0,"2026/2027"
"Slovenia","total",2027-09-05,"2027-W35",35,2027,1,"2027/2028"
"Slovenia","total",2027-09-12,"2027-W36",36,2027,3,"2027/2028"
"Slovenia","total",2027-09-19,"2027-W37",37,2027,3,"2027/2028"
"Slovenia","total",2027-09-26,"2027-W38",38,2027,6,"2027/2028"
"Slovenia","total",2027-10-03,"2027-W39",39,2027,10,"2027/2028"
"Slovenia","total",2027-10-10,"2027-W40",40,2027,11,"2027/2028"
"Slovenia","total",2027-10-17,"2027-W41",41,2027,17,"2027/2028"
"Slovenia","total",2027-10-24,"2027-W42",42,2027,21,"2027/2028"
"Slovenia","total",2027-10-31,"2027-W43",43,2027,36,"2027/2028"
"Slovenia","total",2027-11-07,"2027-W44",44,2027,48,"2027/2028"
"Slovenia","total",2027-11-14,"2027-W45",45,2027,65,"2027/2028"
"Slovenia","total",2027-11-21,"2027-W46",46,2027,101,"2027/2028"
"Slovenia","total",2027-11-28,"2027-W47",47,2027,114,"2027/2028"
"Slovenia","total",2027-12-05,"2027-W48",48,2027,102,"2027/2028"
"Slovenia","total",2027-12-12,"2027-W49",49,2027,122,"2027/2028"
"Slovenia","total",2027-12-19,"2027-W50",50,2027,113,"2027/2028"
"Slovenia","total",2027-12-26,"2027-W51",51,2027,89,"2027/2028"
"Slovenia","total",2028-01-02,"2027-W52",52,2027,96,"2027/2028"
"Slovenia","total",2028-01-09,"2028-W01",1,2028,90,"2027/2028"
"Slovenia","total",2028-01-16,"2028-W02",2,2028,74,"2027/2028"
"Slovenia","total",2028-01-23,"2028-W03",3,2028,41,"2027/2028"
"Slovenia","total",2028-01-30,"2028-W04",4,2028,53,"2027/2028"
"Slovenia","total",2028-02-06,"2028-W05",5,2028,43,"2027/2028"
"Slovenia","total",2028-02-13,"2028-W06",6,2028,33,"2027/2028"
"Slovenia","total",2028-02-20,"2028-W07",7,2028,34,"2027/2028"
"Slovenia","total",2028-02-27,"2028-W08",8,2028,36,"2027/2028"
"Slovenia","total",2028-03-05,"2028-W09",9,2028,19,"2027/2028"
"Slovenia","total",2028-03-12,"2028-W10",10,2028,20,"2027/2028"
"Slovenia","total",2028-03-19,"2028-W11",11,2028,17,"2027/2028"
"Slovenia","total",2028-03-26,"2028-W12",12,2028,18,"2027/2028"
"Slovenia","total",2028-04-02,"2028-W13",13,2028,14,"2027/2028"
"Slovenia","total",2028-04-09,"2028-W14",14,2028,10,"2027/2028"
"Slovenia","total",2028-04-16,"2028-W15",15,2028,7,"2027/2028"
"Slovenia","total",2028-04-23,"2028-W16",16,2028,11,"2027/2028"
"Slovenia","total",2028-04-30,"2028-W17",17,2028,7,"2027/2028"
"Slovenia","total",2028-05-07,"2028-W18",18,2028,11,"2027/2028"
"Slovenia","total",2028-05-14,"2028-W19",19,2028,4,"2027/2028"
"Slovenia","total",2028-05-21,"2028-W20",20,2028,7,"2027/2028"
"Slovenia","total",2028-05-28,"2028-W21",21,2028,4,"2027/2028"
"Slovenia","total",2028-06-04,"2028-W22",22,2028,3,"2027/2028"
"Slovenia","total",2028-06-11,"2028-W23",23,2028,5,"2027/2028"
"Slovenia","total",2028-06-18,"2028-W24",24,2028,2,"2027/2028"
"Slovenia","total",2028-06-25,"2028-W25",25,2028,2,"2027/2028"
"Slovenia","total",2028-07-02,"2028-W26",26,2028,4,"2027/2028"
"Slovenia","total",2028-07-09,"2028-W27",27,2028,6,"2027/2028"
"Slovenia","total",2028-07-16,"2028-W28",28,2028,4,"2027/2028"
"Slovenia","total",2028-07-23,"2028-W29",29,2028,2,"2027/2028"
"Slovenia","total",2028-07-30,"2028-W30",30,2028,4,"2027/2028"
"Slovenia","total",2028-08-06,"2028-W31",31,2028,0,"2027/2028"
"Slovenia","total",2028-08-13,"2028-W32",32,2028,1,"2027/2028"
"Slovenia","total",2028-08-20,"2028-W33",33,2028,2,"2027/2028"
"Slovenia","total",2028-08-27,"2028-W34",34,2028,0,"2027/2028"
"Spain","total",2026-09-06,"2026-W36",36,2026,59,"2026/2027"
"Spain","total",2026-09-13,"2026-W37",37,2026,59,"2026/2027"
"Spain","total",2026-09-20,"2026-W38",38,2026,67,"2026/2027"
"Spain","total",2026-09-27,"2026-W39",39,2026,118,"2026/2027"
"Spain","total",2026-10-04,"2026-W40",40,2026,149,"2026/2027"
"Spain","total",2026-10-11,"2026-W41",41,2026,293,"2026/2027"
"Spain","total",2026-10-18,"2026-W42",42,2026,338,"2026/2027"
"Spain","total",2026-10-25,"2026-W43",43,2026,543,"2026/2027"
"Spain","total",2026-11-01,"2026-W44",44,2026,813,"2026/2027"
"Spain","total",2026-11-08,"2026-W45",45,2026,1140,"2026/2027"
"Spain","total",2026-11-15,"2026-W46",46,2026,1460,"2026/2027"
"Spain","total",2026-11-22,"2026-W47",47,2026,1725,"2026/2027"
"Spain","total",2026-11-29,"2026-W48",48,2026,2023,"2026/2027"
"Spain","total",2026-12-06,"2026-W49",49,2026,2040,"2026/2027"
"Spain","total",2026-12-13,"2026-W50",50,2026,2082,"2026/2027"
"Spain","total",2026-12-20,"2026-W51",51,2026,1991,"2026/2027"
"Spain","total",2026-12-27,"2026-W52",52,2026,1790,"2026/2027"
"Spain","total",2027-01-03,"2026-W53",53,2026,1677,"2026/2027"
"Spain","total",2027-01-10,"2027-W01",1,2027,1523,"2026/2027"
"Spain","total",2027-01-17,"2027-W02",2,2027,1217,"2026/2027"
"Spain","total",2027-01-24,"2027-W03",3,2027,940,"2026/2027"
"Spain","total",2027-01-31,"2027-W04",4,2027,891,"2026/2027"
"Spain","total",2027-02-07,"2027-W05",5,2027,732,"2026/2027"
"Spain","total",2027-02-14,"2027-W06",6,2027,626,"2026/2027"
"Spain","total",2027-02-21,"2027-W07",7,2027,539,"2026/2027"
"Spain","total",2027-02-28,"2027-W08",8,2027,529,"2026/2027"
"Spain","total",2027-03-07,"2027-W09",9,2027,497,"2026/2027"
"Spain","total",2027-03-14,"2027-W10",10,2027,341,"2026/2027"
"Spain","total",2027-03-21,"2027-W11",11,2027,335,"2026/2027"
"Spain","total",2027-03-28,"2027-W12",12,2027,291,"2026/2027"
"Spain","total",2027-04-04,"2027-W13",13,2027,273,"2026/2027"
"Spain","total",2027-04-11,"2027-W14",14,2027,213,"2026/2027"
"Spain","total",2027-04-18,"2027-W15",15,2027,191,"2026/2027"
"Spain","total",2027-04-25,"2027-W16",16,2027,169,"2026/2027"
"Spain","total",2027-05-02,"2027-W17",17,2027,129,"2026/2027"
"Spain","total",2027-05-09,"2027-W18",18,2027,142,"2026/2027"
"Spain","total",2027-05-16,"2027-W19",19,2027,117,"2026/2027"
"Spain","total",2027-05-23,"2027-W20",20,2027,113,"2026/2027"
"Spain","total",2027-05-30,"2027-W21",21,2027,89,"2026/2027"
"Spain","total",2027-06-06,"2027-W22",22,2027,63,"2026/2027"
"Spain","total",2027-06-13,"2027-W23",23,2027,85,"2026/2027"
"Spain","total",2027-06-20,"2027-W24",24,2027,61,"2026/2027"
"Spain","total",2027-06-27,"2027-W25",25,2027,66,"2026/2027"
"Spain","total",2027-07-04,"2027-W26",26,2027,53,"2026/2027"
"Spain","total",2027-07-11,"2027-W27",27,2027,33,"2026/2027"
"Spain","total",2027-07-18,"2027-W28",28,2027,46,"2026/2027"
"Spain","total",2027-07-25,"2027-W29",29,2027,49,"2026/2027"
"Spain","total",2027-08-01,"2027-W30",30,2027,50,"2026/2027"
"Spain","total",2027-08-08,"2027-W31",31,2027,34,"2026/2027"
"Spain","total",2027-08-15,"2027-W32",32,2027,45,"2026/2027"
"Spain","total",2027-08-22,"2027-W33",33,2027,51,"2026/2027"
"Spain","total",2027-08-29,"2027-W34",34,2027,34,"2026/2027"
"Spain","total",2027-09-05,"2027-W35",35,2027,59,"2027/2028"
"Spain","total",2027-09-12,"2027-W36",36,2027,59,"2027/2028"
"Spain","total",2027-09-19,"2027-W37",37,2027,67,"2027/2028"
"Spain","total",2027-09-26,"2027-W38",38,2027,118,"2027/2028"
"Spain","total",2027-10-03,"2027-W39",39,2027,149,"2027/2028"
"Spain","total",2027-10-10,"2027-W40",40,2027,293,"2027/2028"
"Spain","total",2027-10-17,"2027-W41",41,2027,338,"2027/2028"
"Spain","total",2027-10-24,"2027-W42",42,2027,543,"2027/2028"
"Spain","total",2027-10-31,"2027-W43",43,2027,813,"2027/2028"
"Spain","total",2027-11-07,"2027-W44",44,2027,1140,"2027/2028"
"Spain","total",2027-11-14,"2027-W45",45,2027,1460,"2027/2028"
"Spain","total",2027-11-21,"2027-W46",46,2027,1725,"2027/2028"
"Spain","total",2027-11-28,"2027-W47",47,2027,2023,"2027/2028"
"Spain","total",2027-12-05,"2027-W48",48,2027,2040,"2027/2028"
"Spain","total",2027-12-12,"2027-W49",49,2027,2082,"2027/2028"
"Spain","total",2027-12-19,"2027-W50",50,2027,1991,"2027/2028"
"Spain","total",2027-12-26,"2027-W51",51,2027,1790,"2027/2028"
"Spain","total",2028-01-02,"2027-W52",52,2027,1677,"2027/2028"
"Spain","total",2028-01-09,"2028-W01",1,2028,1523,"2027/2028"
"Spain","total",2028-01-16,"2028-W02",2,2028,1217,"2027/2028"
"Spain","total",2028-01-23,"2028-W03",3,2028,940,"2027/2028"
"Spain","total",2028-01-30,"2028-W04",4,2028,891,"2027/2028"
"Spain","total",2028-02-06,"2028-W05",5,2028,732,"2027/2028"
"Spain","total",2028-02-13,"2028-W06",6,2028,626,"2027/2028"
"Spain","total",2028-02-20,"2028-W07",7,2028,539,"2027/2028"
"Spain","total",2028-02-27,"2028-W08",8,2028,529,"2027/2028"
"Spain","total",2028-03-05,"2028-W09",9,2028,497,"2027/2028"
"Spain","total",2028-03-12,"2028-W10",10,2028,341,"2027/2028"
"Spain","total",2028-03-19,"2028-W11",11,2028,335,"2027/2028"
"Spain","total",2028-03-26,"2028-W12",12,2028,291,"2027/2028"
"Spain","total",2028-04-02,"2028-W13",13,2028,273,"2027/2028"
"Spain","total",2028-04-09,"2028-W14",14,2028,213,"2027/2028"
"Spain","total",2028-04-16,"2028-W15",15,2028,191,"2027/2028"
"Spain","total",2028-04-23,"2028-W16",16,2028,169,"2027/2028"
"Spain","total",2028-04-30,"2028-W17",17,2028,129,"2027/2028"
"Spain","total",2028-05-07,"2028-W18",18,2028,142,"2027/2028"
"Spain","total",2028-05-14,"2028-W19",19,2028,117,"2027/2028"
"Spain","total",2028-05-21,"2028-W20",20,2028,113,"2027/2028"
"Spain","total",2028-05-28,"2028-W21",21,2028,89,"2027/2028"
"Spain","total",2028-06-04,"2028-W22",22,2028,63,"2027/2028"
"Spain","total",2028-06-11,"2028-W23",23,2028,85,"2027/2028"
"Spain","total",2028-06-18,"2028-W24",24,2028,61,"2027/2028"
"Spain","total",2028-06-25,"2028-W25",25,2028,66,"2027/2028"
"Spain","total",2028-07-02,"2028-W26",26,2028,53,"2027/2028"
"Spain","total",2028-07-09,"2028-W27",27,2028,33,"2027/2028"
"Spain","total",2028-07-16,"2028-W28",28,2028,46,"2027/2028"
"Spain","total",2028-07-23,"2028-W29",29,2028,49,"2027/2028"
"Spain","total",2028-07-30,"2028-W30",30,2028,50,"2027/2028"
"Spain","total",2028-08-06,"2028-W31",31,2028,34,"2027/2028"
"Spain","total",2028-08-13,"2028-W32",32,2028,45,"2027/2028"
"Spain","total",2028-08-20,"2028-W33",33,2028,51,"2027/2028"
"Spain","total",2028-08-27,"2028-W34",34,2028,34,"2027/2028"
"Sweden","total",2026-09-06,"2026-W36",36,2026,18,"2026/2027"
"Sweden","total",2026-09-13,"2026-W37",37,2026,14,"2026/2027"
"Sweden","total",2026-09-20,"2026-W38",38,2026,22,"2026/2027"
"Sweden","total",2026-09-27,"2026-W39",39,2026,27,"2026/2027"
"Sweden","total",2026-10-04,"2026-W40",40,2026,51,"2026/2027"
"Sweden","total",2026-10-11,"2026-W41",41,2026,81,"2026/2027"
"Sweden","total",2026-10-18,"2026-W42",42,2026,102,"2026/2027"
"Sweden","total",2026-10-25,"2026-W43",43,2026,181,"2026/2027"
"Sweden","total",2026-11-01,"2026-W44",44,2026,230,"2026/2027"
"Sweden","total",2026-11-08,"2026-W45",45,2026,295,"2026/2027"
"Sweden","total",2026-11-15,"2026-W46",46,2026,425,"2026/2027"
"Sweden","total",2026-11-22,"2026-W47",47,2026,479,"2026/2027"
"Sweden","total",2026-11-29,"2026-W48",48,2026,603,"2026/2027"
"Sweden","total",2026-12-06,"2026-W49",49,2026,624,"2026/2027"
"Sweden","total",2026-12-13,"2026-W50",50,2026,613,"2026/2027"
"Sweden","total",2026-12-20,"2026-W51",51,2026,566,"2026/2027"
"Sweden","total",2026-12-27,"2026-W52",52,2026,536,"2026/2027"
"Sweden","total",2027-01-03,"2026-W53",53,2026,473,"2026/2027"
"Sweden","total",2027-01-10,"2027-W01",1,2027,493,"2026/2027"
"Sweden","total",2027-01-17,"2027-W02",2,2027,341,"2026/2027"
"Sweden","total",2027-01-24,"2027-W03",3,2027,259,"2026/2027"
"Sweden","total",2027-01-31,"2027-W04",4,2027,259,"2026/2027"
"Sweden","total",2027-02-07,"2027-W05",5,2027,224,"2026/2027"
"Sweden","total",2027-02-14,"2027-W06",6,2027,189,"2026/2027"
"Sweden","total",2027-02-21,"2027-W07",7,2027,130,"2026/2027"
"Sweden","total",2027-02-28,"2027-W08",8,2027,167,"2026/2027"
"Sweden","total",2027-03-07,"2027-W09",9,2027,121,"2026/2027"
"Sweden","total",2027-03-14,"2027-W10",10,2027,113,"2026/2027"
"Sweden","total",2027-03-21,"2027-W11",11,2027,104,"2026/2027"
"Sweden","total",2027-03-28,"2027-W12",12,2027,99,"2026/2027"
"Sweden","total",2027-04-04,"2027-W13",13,2027,71,"2026/2027"
"Sweden","total",2027-04-11,"2027-W14",14,2027,78,"2026/2027"
"Sweden","total",2027-04-18,"2027-W15",15,2027,45,"2026/2027"
"Sweden","total",2027-04-25,"2027-W16",16,2027,45,"2026/2027"
"Sweden","total",2027-05-02,"2027-W17",17,2027,44,"2026/2027"
"Sweden","total",2027-05-09,"2027-W18",18,2027,27,"2026/2027"
"Sweden","total",2027-05-16,"2027-W19",19,2027,39,"2026/2027"
"Sweden","total",2027-05-23,"2027-W20",20,2027,30,"2026/2027"
"Sweden","total",2027-05-30,"2027-W21",21,2027,26,"2026/2027"
"Sweden","total",2027-06-06,"2027-W22",22,2027,13,"2026/2027"
"Sweden","total",2027-06-13,"2027-W23",23,2027,20,"2026/2027"
"Sweden","total",2027-06-20,"2027-W24",24,2027,14,"2026/2027"
"Sweden","total",2027-06-27,"2027-W25",25,2027,12,"2026/2027"
"Sweden","total",2027-07-04,"2027-W26",26,2027,17,"2026/2027"
"Sweden","total",2027-07-11,"2027-W27",27,2027,11,"2026/2027"
"Sweden","total",2027-07-18,"2027-W28",28,2027,16,"2026/2027"
"Sweden","total",2027-07-25,"2027-W29",29,2027,15,"2026/2027"
"Sweden","total",2027-08-01,"2027-W30",30,2027,13,"2026/2027"
"Sweden","total",2027-08-08,"2027-W31",31,2027,10,"2026/2027"
"Sweden","total",2027-08-15,"2027-W32",32,2027,15,"2026/2027"
"Sweden","total",2027-08-22,"2027-W33",33,2027,14,"2026/2027"
"Sweden","total",2027-08-29,"2027-W34",34,2027,17,"2026/2027"
"Sweden","total",2027-09-05,"2027-W35",35,2027,18,"2027/2028"
"Sweden","total",2027-09-12,"2027-W36",36,2027,14,"2027/2028"
"Sweden","total",2027-09-19,"2027-W37",37,2027,22,"2027/2028"
"Sweden","total",2027-09-26,"2027-W38",38,2027,27,"2027/2028"
"Sweden","total",2027-10-03,"2027-W39",39,2027,51,"2027/2028"
"Sweden","total",2027-10-10,"2027-W40",40,2027,81,"2027/2028"
"Sweden","total",2027-10-17,"2027-W41",41,2027,102,"2027/2028"
"Sweden","total",2027-10-24,"2027-W42",42,2027,181,"2027/2028"
"Sweden","total",2027-10-31,"2027-W43",43,2027,230,"2027/2028"
"Sweden","total",2027-11-07,"2027-W44",44,2027,295,"2027/2028"
"Sweden","total",2027-11-14,"2027-W45",45,2027,425,"2027/2028"
"Sweden","total",2027-11-21,"2027-W46",46,2027,479,"2027/2028"
"Sweden","total",2027-11-28,"2027-W47",47,2027,603,"2027/2028"
"Sweden","total",2027-12-05,"2027-W48",48,2027,624,"2027/2028"
"Sweden","total",2027-12-12,"2027-W49",49,2027,613,"2027/2028"
"Sweden","total",2027-12-19,"2027-W50",50,2027,566,"2027/2028"
"Sweden","total",2027-12-26,"2027-W51",51,2027,536,"2027/2028"
"Sweden","total",2028-01-02,"2027-W52",52,2027,473,"2027/2028"
"Sweden","total",2028-01-09,"2028-W01",1,2028,493,"2027/2028"
"Sweden","total",2028-01-16,"2028-W02",2,2028,341,"2027/2028"
"Sweden","total",2028-01-23,"2028-W03",3,2028,259,"2027/2028"
"Sweden","total",2028-01-30,"2028-W04",4,2028,259,"2027/2028"
"Sweden","total",2028-02-06,"2028-W05",5,2028,224,"2027/2028"
"Sweden","total",2028-02-13,"2028-W06",6,2028,189,"2027/2028"
"Sweden","total",2028-02-20,"2028-W07",7,2028,130,"2027/2028"
"Sweden","total",2028-02-27,"2028-W08",8,2028,167,"2027/2028"
"Sweden","total",2028-03-05,"2028-W09",9,2028,121,"2027/2028"
"Sweden","total",2028-03-12,"2028-W10",10,2028,113,"2027/2028"
"Sweden","total",2028-03-19,"2028-W11",11,2028,104,"2027/2028"
"Sweden","total",2028-03-26,"2028-W12",12,2028,99,"2027/2028"
"Sweden","total",2028-04-02,"2028-W13",13,2028,71,"2027/2028"
"Sweden","total",2028-04-09,"2028-W14",14,2028,78,"2027/2028"
"Sweden","total",2028-04-16,"2028-W15",15,2028,45,"2027/2028"
"Sweden","total",2028-04-23,"2028-W16",16,2028,45,"2027/2028"
"Sweden","total",2028-04-30,"2028-W17",17,2028,44,"2027/2028"
"Sweden","total",2028-05-07,"2028-W18",18,2028,27,"2027/2028"
"Sweden","total",2028-05-14,"2028-W19",19,2028,39,"2027/2028"
"Sweden","total",2028-05-21,"2028-W20",20,2028,30,"2027/2028"
"Sweden","total",2028-05-28,"2028-W21",21,2028,26,"2027/2028"
"Sweden","total",2028-06-04,"2028-W22",22,2028,13,"2027/2028"
"Sweden","total",2028-06-11,"2028-W23",23,2028,20,"2027/2028"
"Sweden","total",2028-06-18,"2028-W24",24,2028,14,"2027/2028"
"Sweden","total",2028-06-25,"2028-W25",25,2028,12,"2027/2028"
"Sweden","total",2028-07-02,"2028-W26",26,2028,17,"2027/2028"
"Sweden","total",2028-07-09,"2028-W27",27,2028,11,"2027/2028"
"Sweden","total",2028-07-16,"2028-W28",28,2028,16,"2027/2028"
"Sweden","total",2028-07-23,"2028-W29",29,2028,15,"2027/2028"
"Sweden","total",2028-07-30,"2028-W30",30,2028,13,"2027/2028"
"Sweden","total",2028-08-06,"2028-W31",31,2028,10,"2027/2028"
"Sweden","total",2028-08-13,"2028-W32",32,2028,15,"2027/2028"
"Sweden","total",2028-08-20,"2028-W33",33,2028,14,"2027/2028"
"Sweden","total",2028-08-27,"2028-W34",34,2028,17,"2027/2028"
